resp_id,city,area,interviewer,int_date,gender,age,educ,employ,marital,hh_size,hh_income,migrant,yrs_nbhd,trust1,trust2,trust3,trust4,trust5,civic_meet,civic_vol,civic_petition,civic_contact,civic_protest,belong,life_sat,health,internet,sm_hours,discrim,vote,wt,q_challenge,q_connect
1001,1,2,INT01,2025-01-06,1,43,5,1,2,8,24000,0,15,3,4,4,5,4,0,0,0,0,0,3,9,4,1,1.5,0,0,1.383,Poor lighting on the approach road makes it scary after sunset.,If the municipality actually responded to complaints I would feel this place is mine. Participatory budgeting like some cities have tried would be good.
1002,1,1,INT02,2025-01-06,1,19,6,5,1,4,88500,1,2,3,3,5,2,3,1,0,0,0,0,2,8,5,1,2.0,0,0,0.818,"monsoon flooding, corruption",Log thoda friendly ho jaayein toh apnapan lagega
1003,1,2,INT01,2025-01-07,1,35,3,4,2,6,9000,0,6,2,4,3,3,4,0,1,0,0,0,2,5,3,0,0.0,0,0,1.376,"housing, no jobs for youth",A ward committee that meets every month and shares what the municipality is doing. Right now decisions are taken and we are just told to pay.
1004,1,2,INT02,2025-01-07,1,39,3,1,2,3,10000,0,23,3,4,2,3,4,0,1,0,0,0,2,4,3,0,0.0,1,0,1.225,water supply,"See, if people greeted each other and stopped judging tenants. In my village everyone knows everyone, here I feel like a stranger. Apart from that, something for teenagers to do in the evening other than sitting on the phone."
1005,1,1,INT03,2025-01-07,2,44,3,6,2,4,31000,0,22,3,4,4,1,1,0,0,1,0,0,4,8,3,0,0.0,0,0,0.85,"safety at night is the biggest issue, especially for working women coming back late",
1006,1,1,INT02,2025-01-08,1,54,3,4,2,4,14500,0,40,5,3,2,1,4,0,1,0,0,1,3,6,2,0,0.0,0,0,0.933,,if we celebrated festivals together as one area instead of separately
1007,1,1,INT03,2025-01-08,1,30,4,4,1,4,29500,1,8,2,3,5,4,2,0,0,0,0,0,2,7,5,1,1.0,1,0,0.646,Don't know,Bachcho ke liye koi club ya ground ho. Pashe ke thake seta jantei parina.
1008,1,1,INT01,2025-01-09,2,35,3,2,2,1,8000,0,24,4,3,2,8,4,1,0,0,0,1,3,8,4,1,4.0,0,1,0.88,"বর্ষায় রাস্তায় জল জমে যায়, অফিস যেতে খুব অসুবিধা হয়।",more community events
1009,1,1,INT02,2025-01-09,2,26,4,2,2,4,9500,1,9,3,4,4,2,2,0,0,0,0,0,2,9,4,0,0.0,0,0,0.714,Local log outsider bolke alag treat karte hai,
1010,1,1,INT03,2025-01-09,1,33,5,1,2,3,11000,0,12,3,3,4,2,4,0,0,0,0,0,3,5,4,1,4.0,0,0,1.067,একটু বৃষ্টি হলেই গলিতে হাঁটু জল।,"frankly speaking, the association should be run democratically, not by the same two families. apart from that, our building whatsapp group helped during the floods, one for the whole area would be useful"
1011,1,1,INT03,2025-01-10,1,29,5,1,1,2,9000,1,2,3,1,5,1,3,0,0,1,0,0,2,7,2,1,2.0,0,0,1.063,Water enters the ground floor houses every rainy season. We keep our things on bricks and the top shelf all monsoon. Otherwise it is a nice place to live.,cultural programmes
1012,1,1,INT01,2025-01-11,1,49,4,6,2,9,28500,0,36,5,5,2,2,3,1,1,0,0,1,4,9,3,1,1.0,0,1,1.212,"The municipality water comes at odd times like five in the morning, so someone has to stay awake to fill the drums.",
1013,1,1,INT02,2025-01-11,2,44,1,6,2,7,8000,0,21,4,3,3,3,2,0,1,1,1,0,2,6,4,0,0.0,0,1,0.924,Basically autos and buses stop anywhere and the whole junction gets blocked.,Councillor saab kabhi aate hi nahi. Sports day or a small fair for the children would bring people out of their homes.
1014,1,1,INT02,2025-01-11,1,32,6,1,1,5,43000,1,14,4,4,5,3,3,0,0,0,0,0,3,7,5,1,3.5,0,0,0.876,"Sanitation is very poor, the sweepers hardly come to our side. Second thing, dirty drain water mixes with the drinking water pipe.",A youth club with sports and computer classes to keep the boys busy. Our club used to run a library but it closed after the old members died. That would make a big difference.
1015,1,1,INT01,2025-01-13,2,50,4,6,2,5,78500,0,40,5,5,1,5,5,0,0,0,0,0,4,6,4,1,4.0,1,1,0.683,"Frankly speaking, the marriage hall next door plays music till two in the morning.","To be honest, if the KMC actually responded to complaints I would feel this place is mine."
1016,1,1,INT01,2025-01-13,2,32,6,1,2,6,65000,0,11,3,5,2,3,4,1,0,0,1,0,3,10,5,1,2.0,0,0,0.665,"The lane to the station is dark and lonely, I always call someone while walking. I have started taking an auto even for a short distance. Garbage is not collected regularly and it piles up at the corner of the road. Please do something about it.",I think mahila mandal meetings in the afternoon when we are free from housework. Our self-help group gave me friends and some savings. Otherwise everyone is in their own world.
1017,1,1,INT01,2025-01-13,1,48,6,3,2,6,22500,1,8,4,4,3,5,5,0,0,0,0,0,4,9,4,1,2.0,0,0,1.195,"For me, traffic is terrible, it takes me 3 hours to go to office and come back.",knowing neighbours
1018,1,1,INT02,2025-01-13,1,26,5,1,2,4,51500,1,6,3,5,3,8,4,0,0,0,0,0,3,7,5,1,1.0,0,0,0.787,"Housing is too expensive, young couples cannot afford to live near their parents. Apart from that, the garbage van comes maybe twice a week, so everyone just dumps it outside.","For me, if people greeted each other and stopped judging tenants. When my father was in hospital not a single neighbour asked. That would make a big difference."
1019,1,1,INT03,2025-01-13,1,83,2,7,2,6,7000,0,37,5,5,2,4,5,0,0,0,1,0,4,9,3,0,0.0,0,1,0.952,"no parks, flooding in monsoon","knowing neighbours, community hall"
1020,1,2,INT01,2025-01-14,1,58,2,3,2,6,12000,0,33,1,5,3,2,2,0,0,0,0,0,2,6,2,0,0.0,0,1,1.054,NA,"football or cricket tournaments between lanes, the young people would connect. our club used to run a library but it closed after the old members died. that would make a big difference"
1021,1,1,INT02,2025-01-14,2,42,5,6,2,6,49500,0,20,3,3,4,2,2,1,0,0,1,1,2,8,4,1,1.0,0,0,0.618,"To be honest, we need green space, every inch has been built over. Rain water has nowhere to go because all the ponds were filled up for buildings. And loudspeakers during every function and procession, nobody can sleep.","According to me, a local office where you can go without a middleman. Most of our energy goes in fighting for basic things. Otherwise everyone is in their own world"
1022,1,1,INT02,2025-01-14,3,82,4,6,4,5,999999,0,64,2,4,3,4,5,1,0,0,1,0,3,5,3,1,0.0,0,1,0.612,no parks,"I think owning a house, even a small one. As a tenant you always feel temporary. Tenants are never seen as real members of the para. Second thing, someone to check on elderly people who live alone. It is not difficult, someone just has to start."
1023,1,1,INT03,2025-01-14,2,29,6,6,2,3,92500,0,18,4,3,4,1,4,0,0,0,0,0,3,8,4,1,1.5,0,0,0.757,"see, there are no community programmes any more, people just stay inside their flats","Log thoda friendly ho jaayein toh apnapan lagega. Classes for tailoring or computers for women, we would get to know each other."
1024,1,2,INT03,2025-01-15,1,31,5,3,2,3,21000,1,14,2,2,5,2,2,1,0,0,1,0,2,7,4,1,3.5,0,1,1.51,"traffic ka koi solution nahi hai, office jaane mein hi do ghante lag jaate hai",a ward committee that meets every month and shares what the corporation is doing
1025,1,1,INT01,2025-01-16,2,69,1,6,2,9,8000,0,30,5,3,1,3,2,0,0,0,0,0,4,4,1,0,0.0,0,0,0.54,The streetlight in front of our house has been broken for 5 years.,Responsive councillor
1026,1,2,INT01,2025-01-16,1,44,4,3,2,2,16000,1,27,1,3,3,4,3,0,0,0,1,0,4,7,4,1,1.5,0,1,1.255,open drains,If we celebrated festivals together as one locality instead of separately. CCTV and a local help desk would make people feel secure to step out.
1027,1,2,INT01,2025-01-16,2,78,3,7,4,6,18000,0,42,3,4,4,4,4,1,1,0,0,0,4,3,2,0,0.0,0,1,1.117,Public toilets are dirty and there are not enough of them.,"Actually a laughter club or a bhajan group for older people. All our children are abroad or in other cities, we are alone."
1028,1,1,INT01,2025-01-16,1,49,5,1,2,4,24500,1,4,2,4,4,3,3,0,0,1,1,0,2,6,4,1,1.0,0,1,1.179,"sob jaigay ghush dite hoy, dada dhorte hoy","Respect for all communities, the young people are being poisoned by social media."
1029,1,1,INT02,2025-01-16,2,30,6,3,2,2,60500,0,12,5,4,3,4,4,1,0,1,0,0,4,8,4,1,2.5,0,0,0.418,"There is no community hall or common place where people can meet. Plus there is no work nearby, the youth have to go to other states. Also air pollution is very bad, in winter you cannot even see the next building.",Biggest thing is a place where women can come together without needing permission from anyone.
1030,1,1,INT03,2025-01-16,1,29,3,1,2,2,12000,0,13,4,4,3,4,5,0,0,0,0,0,3,8,4,1,1.5,0,0,0.952,"Unemployment among young people is the main problem, it leads to drinking and fights.","A councillor who comes and listens, not only during elections."
1031,1,1,INT01,2025-01-17,1,74,2,7,4,2,36500,0,46,4,5,1,4,5,0,1,1,1,0,4,5,2,0,0.0,0,1,0.99,pollution,"I think the association should be run democratically, not by the same two families."
1032,1,1,INT01,2025-01-17,1,32,5,3,2,2,20500,0,16,4,4,2,3,4,0,0,0,0,0,4,9,5,1,1.5,0,0,1.064,monsoon flooding,More community events
1033,1,2,INT01,2025-01-17,2,38,5,2,2,8,16000,1,8,4,3,8,3,4,0,0,0,0,0,4,4,3,1,1.5,0,0,1.055,"There is no proper sewer line, the waste water stands in the lane.",cultural programmes
1034,1,1,INT02,2025-01-18,2,53,2,6,1,5,5000,0,18,2,4,2,3,3,0,0,0,0,0,4,6,2,0,0.0,0,0,0.707,"According to me, old people have nowhere to walk in the evening. During the monsoon the whole road goes under knee-deep water","A cleanliness drive where everyone participates, owners and tenants together"
1035,1,1,INT02,2025-01-18,2,83,3,6,2,4,8500,0,30,4,5,2,4,3,0,0,1,0,0,4,7,3,0,0.0,0,1,0.632,don't know,A ward committee that meets every month and shares what the Corporation is doing.
1036,1,1,INT02,2025-01-18,1,85,4,7,4,4,6000,0,20,5,5,2,9,5,1,0,1,1,0,4,5,3,1,1.0,0,1,1.069,"Biggest thing is people throw waste in the open plot next to our building and it stinks. On top of that, contracts go to relatives of the party people.",Biggest thing is regular meetings where ordinary people can raise problems and actually be heard. Right now decisions are taken and we are just told to pay.
1037,1,1,INT02,2025-01-18,2,50,3,4,2,4,999999,1,1,3,2,5,3,2,0,0,0,0,0,1,4,4,1,1.5,0,0,0.896,no parks,Meeting mein sabki baat suni jaaye toh accha hai. Mahila mandal meetings in the afternoon when we are free from housework.
1038,1,1,INT01,2025-01-19,1,35,2,2,2,3,7500,0,17,5,4,2,3,4,1,0,1,0,0,3,8,4,1,4.5,0,0,0.713,"no open space, drainage",most important is more cultural programmes where families can come together. when i was a child the whole locality would sit together for the puja bhog. then it would feel like home
1039,1,1,INT01,2025-01-19,1,34,2,2,2,3,22000,0,16,4,4,4,4,2,0,0,0,0,0,4,6,3,1,1.5,0,0,1.338,No regular water,"regular get-togethers, even a monthly potluck would help"
1040,1,2,INT01,2025-01-19,1,55,2,1,1,6,11500,0,34,4,2,3,3,3,0,0,0,1,0,4,5,1,0,0.0,0,1,1.293,"Summer mein paani bilkul nahi aata, daily cans lene padte hai. Bachchon ke khelne ke liye koi ground nahi hai.",Don't know
1041,1,1,INT01,2025-01-20,2,29,1,6,2,5,6000,1,5,3,3,4,4,4,1,0,0,0,0,3,8,3,0,0.0,0,0,0.776,"ময়লা ঠিকমতো তোলা হয় না, আর ড্রেন সবসময় বন্ধ থাকে।",common space
1042,1,1,INT02,2025-01-20,1,35,3,3,2,7,34500,1,8,2,3,3,3,2,0,0,0,0,0,1,2,4,1,1.0,0,0,0.699,Builders are taking over every open plot and prices are only for rich people.,"Actually regular get-togethers, even a monthly potluck would help."
1043,1,1,INT02,2025-01-20,1,23,4,5,2,2,5000,1,6,3,2,1,5,4,1,1,0,0,0,4,6,4,1,3.0,1,0,0.891,Don't know,"Festivals together, responsive councillor"
1044,1,2,INT02,2025-01-20,2,38,1,3,2,5,9500,0,19,4,4,5,2,3,0,0,0,0,0,4,6,4,0,0.0,1,0,0.739,"We depend on tankers for drinking water and they charge 1000 rupees a trip. Second thing, there is no proper dustbin anywhere in the area.",
1045,1,1,INT03,2025-01-20,2,73,2,6,2,8,13500,0,18,4,4,5,3,4,0,1,0,0,0,2,5,2,0,0.0,0,0,0.823,নতুন ভাড়াটেদের সাথে পুরোনো বাসিন্দাদের তেমন আলাপ নেই।,"Safe public transport so that I can attend things in the evening. Regular get-togethers, even a monthly potluck would help."
1046,1,2,INT03,2025-01-20,1,75,2,7,4,5,5500,0,33,3,4,3,4,2,0,1,1,0,0,4,5,4,0,0.0,0,0,1.138,"Water ka timing fixed nahi hai, kabhi subah kabhi raat",WhatsApp group
1047,1,1,INT01,2025-01-21,2,34,5,3,2,5,38000,0,24,5,5,3,3,2,0,0,0,0,0,3,8,4,1,3.5,0,0,0.608,The park we have is locked most of the time and full of weeds.,Working together on something practical like cleaning the drain would build trust. Once we cleaned the pond together and people still talk about that day.
1048,1,1,INT01,2025-01-21,1,51,3,1,2,5,33000,0,37,4,3,2,5,2,0,1,0,0,1,4,8,3,0,0.0,0,1,0.669,"To be honest, road repair money is eaten up, the same road is dug up every year. Plus construction noise goes on day and night.","Frankly speaking, celebrating each other's festivals, Eid, Diwali, Christmas, Pongal, all of them."
1049,1,1,INT02,2025-01-21,3,38,5,6,1,2,8500,0,19,3,3,3,1,2,1,0,0,0,0,4,6,3,1,3.5,0,0,0.814,"Biggest thing is there are no community programmes any more, people just stay inside their flats.",I already feel connected
1050,1,1,INT02,2025-01-21,1,53,1,3,2,6,20000,0,12,1,4,2,1,4,0,0,0,0,0,3,5,2,1,3.0,0,0,0.71,"To be honest, sanitation is very poor, the sweepers hardly come to our side. My children fell sick with dengue last year. The rest is okay",common space
1051,1,1,INT03,2025-01-21,1,45,6,1,2,5,95500,0,30,5,4,3,5,3,1,0,0,1,0,4,10,3,1,1.0,0,1,0.84,"Safety at night is the biggest issue, especially for working women coming back late. The only open ground was taken for a parking lot.",Political parties should stop dividing the area for votes.
1052,1,1,INT03,2025-01-21,1,41,4,1,2,6,30000,0,23,4,4,3,2,3,0,0,0,0,0,4,9,3,1,2.0,0,1,1.482,traffic,"Transparency in how ward funds are spent, maybe a notice board. Participatory budgeting like some cities have tried would be good. It is not difficult, someone just has to start."
1053,1,2,INT03,2025-01-21,2,32,5,6,2,3,18000,1,13,3,3,3,2,4,0,0,0,0,0,2,9,5,1,1.0,1,1,1.177,"According to me, the lane to the station is dark and lonely, I always call someone while walking.","Classes for tailoring or computers for women, we would get to know each other. Most women here only meet at the water tap. Basic services working properly, water, roads and lights, then people have time for each other"
1054,1,1,INT02,2025-01-22,2,40,4,6,2,3,21000,0,8,1,2,5,2,3,0,0,0,0,0,1,3,4,1,1.0,0,0,0.93,There is no community hall or common place where people can meet. The puja committee is now run by a few people only. Also getting enough clean water for the family is the main struggle.,"celebrating each other's festivals, eid, diwali, christmas, pongal, all of them. people only meet at weddings and funerals now. that would make a big difference"
1055,1,1,INT02,2025-01-22,1,42,1,3,3,3,7000,0,9,2,1,4,2,2,1,0,0,0,0,3,5,2,1,4.0,0,1,1.008,"The low-lying part of the para floods every year and nobody plans for it. On top of that, educated girls sit at home because there are no suitable jobs.",nothing really
1056,1,2,INT02,2025-01-22,1,,1,3,2,5,15500,1,4,1,2,5,1,3,0,0,0,0,0,2,6,3,1,0.5,0,0,1.396,nothing much,"Something for teenagers to do in the evening other than sitting on the phone. Some programme where locals and outsiders can meet, not just live side by side."
1057,1,2,INT01,2025-01-23,1,26,4,1,2,4,58000,1,5,4,5,8,4,4,0,0,0,0,0,2,4,3,1,3.0,0,0,0.641,"For me, during the monsoon the whole road goes under knee-deep water.",stable rent
1058,1,1,INT02,2025-01-23,1,28,3,3,2,2,999999,0,5,2,2,4,3,8,0,0,0,0,0,3,7,2,1,2.5,0,0,0.741,ছোটদের খেলার মাঠ নেই।,Ekta boshar jaiga thakle adda hoto.
1059,1,1,INT03,2025-01-23,1,66,3,7,2,2,10500,0,46,5,5,2,4,5,1,1,0,0,0,3,6,3,0,0.0,0,1,0.806,"honestly, educated girls sit at home because there are no suitable jobs. some of them fall into bad company. every house has two cars now but the lanes are the same width as thirty years ago. nobody cares",Councillor saab kabhi aate hi nahi.
1060,1,1,INT03,2025-01-23,2,54,4,4,2,4,13000,0,23,4,3,4,2,4,0,0,0,0,0,4,5,3,1,1.5,1,0,0.738,Kids are stuck indoors on phones because there is no place to play.,"Regular get-togethers, even a monthly potluck would help."
1061,1,1,INT03,2025-01-23,2,21,4,1,2,6,33000,0,9,4,4,4,2,4,0,0,0,1,0,3,7,4,1,3.0,1,0,0.467,রাতে মেয়েদের একা ফিরতে ভয় লাগে।,"A park or common place where people can sit and talk in the evening. In the old days the rowak outside the houses was where everybody met. Along with that, celebrating each other's festivals, Eid, Diwali, Christmas, Pongal, all of them. People only meet at weddings and funerals now. It is not difficult, someone just has to start."
1062,1,2,INT03,2025-01-23,2,40,1,6,2,6,3000,0,23,2,3,2,3,4,0,0,0,0,0,4,3,2,0,0.0,0,0,0.991,"খাবার জলের খুব সমস্যা, কলে ঠিকমতো জল আসে না।","See, community events on weekends when working people are free."
1063,1,1,INT01,2025-01-24,1,35,6,3,2,2,38000,0,16,2,3,4,4,3,0,0,0,0,0,2,8,4,1,2.5,1,0,1.192,"Water supply is very irregular, sometimes we get it for only one hour in the morning. Air pollution is very bad, in winter you cannot even see the next building.","Frankly speaking, benches and a walking track, that is where you actually meet neighbours. Along with that, something for teenagers to do in the evening other than sitting on the phone."
1064,1,1,INT02,2025-01-24,1,57,5,1,2,5,29500,0,39,2,5,3,3,2,0,1,0,0,1,4,7,3,1,1.0,0,1,0.897,Nali hamesha choke rehti hai,Fair rent agreements so that we are not thrown out suddenly.
1065,1,1,INT02,2025-01-24,1,50,1,1,2,4,6500,0,7,8,2,4,3,3,0,0,0,0,0,1,3,4,0,0.0,0,0,0.922,"Khelar math nei, bachchara rastay khele.",sab milke tyohar manaye toh accha lagega
1066,1,1,INT03,2025-01-24,2,48,1,4,4,5,6500,0,10,2,2,5,3,3,0,1,0,1,0,4,,3,1,1.5,0,0,0.765,Bachchon ke khelne ke liye koi ground nahi hai.,Log thoda friendly ho jaayein toh apnapan lagega.
1067,1,2,INT03,2025-01-24,2,25,5,1,2,6,14500,1,8,5,5,8,4,4,0,1,0,0,0,3,7,5,1,1.5,1,0,1.029,actually men drink openly near the empty plot and women avoid that road. there is always the fear of eviction because nobody has a proper agreement,"CCTV and a local help desk would make people feel secure to step out. Apart from that, if people accepted us even though we do not speak the local language well. A proper WhatsApp group for the area where information is shared, not only forwards."
1068,1,2,INT01,2025-01-25,1,33,4,4,2,8,25000,0,17,4,1,4,3,4,1,0,0,0,0,3,5,3,1,1.0,1,0,1.2,"For me, smoke from burning garbage makes breathing difficult in the evening. Another thing is I do not let my daughter come home alone after seven in the evening.",Sports day or a small fair for the children would bring people out of their homes.
1069,1,1,INT02,2025-01-25,2,40,3,6,2,5,10500,1,17,2,4,5,3,1,1,0,0,0,0,4,5,3,0,0.0,1,0,0.684,Cannot say,People should not make fun of our accent or our food. If the Corporation actually responded to complaints I would feel this place is mine.
1070,1,1,INT03,2025-01-25,1,43,5,1,2,6,999999,0,28,3,2,4,3,4,0,1,1,1,0,3,7,4,1,1.5,0,1,0.714,"factories around here have closed, so there is no local employment. water supply is very irregular, sometimes we get it for only one hour in the morning","Regular get-togethers, even a monthly potluck would help. When I was a child the whole locality would sit together for the puja bhog. Also a cleanliness drive where everyone participates, owners and tenants together. That would make a big difference."
1071,1,2,INT01,2025-01-26,2,36,4,6,2,4,22000,0,26,3,4,4,3,4,1,0,0,0,0,4,6,3,0,0.0,0,1,1.292,Nothing gets done in the municipality office without paying a bribe,I think CCTV and a local help desk would make people feel secure to step out. A ward committee that meets every month and shares what the municipality is doing.
1072,1,1,INT02,2025-01-26,2,37,3,6,2,1,8000,0,17,4,3,3,3,2,0,0,0,0,0,3,6,3,1,3.0,0,0,0.636,"Mainly stray dogs tear open the garbage bags and it spreads all over the lane. We tried collecting money for a private cleaner but it stopped after two months. Apart from that, during the monsoon the whole road goes under knee-deep water. Snakes and dirty water come inside the house. It has become worse in the last few years.","Mainly CCTV and a local help desk would make people feel secure to step out. On top of that, if people greeted each other and stopped judging tenants."
1073,1,1,INT02,2025-01-26,2,40,3,1,2,2,11500,0,9,8,5,5,2,2,1,0,0,0,0,2,6,3,1,1.0,0,1,0.738,"The streetlight in front of our house has been broken for 8 years. We complained on the Corporation app but the complaint just closed by itself. Along with that, factories around here have closed, so there is no local employment.","Regular get-togethers, even a monthly potluck would help. Second thing, a cleanliness drive where everyone participates, owners and tenants together. A place where women can come together without needing permission from anyone."
1074,1,1,INT02,2025-01-27,2,42,5,6,2,5,77500,1,8,2,3,4,2,2,0,0,0,0,0,1,7,5,1,2.0,0,0,0.603,Kids are stuck indoors on phones because there is no place to play. In June the water came up to our doorstep and ruined the furniture.,"I think neighbours helping each other in emergencies, like it used to be."
1075,1,1,INT03,2025-01-27,3,27,4,2,2,1,11000,1,2,4,2,5,3,1,0,0,0,0,0,3,5,4,1,1.0,0,0,0.813,"traffic ka koi solution nahi hai, office jaane mein hi do ghante lag jaate hai. the nala behind our houses has not been cleaned for years","To be honest, transparency in how ward funds are spent, maybe a notice board. And sports day or a small fair for the children would bring people out of their homes. Along with that, affordable housing near work so that families can settle in one place"
1076,1,1,INT03,2025-01-27,1,41,3,1,2,4,15500,0,34,5,4,2,4,5,1,0,0,0,0,3,8,2,1,1.0,0,0,0.769,"Constant honking, the noise is too much for elderly people. Students cannot study during exam time. And dirty drain water mixes with the drinking water pipe. Mosquitoes are a big problem because of the stagnant water. Along with that, the local officials take money and ignore complaints. Honest people get tired and give up.","For me, if the residents welfare association included tenants and not only owners."
1077,1,1,INT01,2025-01-28,2,33,4,2,2,5,999999,0,24,3,2,3,2,2,1,0,0,0,0,2,7,4,1,1.5,1,0,0.628,People throw waste in the open plot next to our building and it stinks. My children fell sick with dengue last year.,NA
1078,1,2,INT02,2025-01-28,1,45,4,2,2,3,24000,0,21,4,2,9,2,2,1,0,0,0,0,3,9,4,1,2.0,0,0,1.494,"Waterlogging in monsoon is the biggest problem, children cannot go to school.",most important is sports day or a small fair for the children would bring people out of their homes
1079,1,1,INT02,2025-01-28,1,41,6,1,2,4,21500,0,13,5,4,3,4,2,1,1,1,1,0,4,4,4,1,1.5,0,0,0.831,"See, during the monsoon the whole road goes under knee-deep water. We keep our things on bricks and the top shelf all monsoon. Nobody cares.",coaching or skill training centre for the young people of the locality
1080,1,1,INT03,2025-01-28,1,20,4,5,1,5,11500,0,14,3,3,3,5,5,0,0,0,0,0,3,,5,1,2.5,0,0,0.848,Youth unemployment,if we celebrated festivals together as one area instead of separately. and a youth club with sports and computer classes to keep the boys busy
1081,1,2,INT01,2025-01-29,2,32,6,6,2,7,29500,0,8,4,3,3,2,3,1,0,0,1,0,4,5,4,1,2.5,0,0,1.228,Dirty drain water mixes with the drinking water pipe. Children fall sick often with stomach problems. Boys sit near the paan shop at night and pass comments on girls. I have started taking an auto even for a short distance. We are fed up.,"a women's group or self-help group where we can meet and also earn something. also benches and a walking track, that is where you actually meet neighbours"
1082,1,1,INT01,2025-01-30,2,35,3,6,2,5,23500,0,13,4,4,4,8,2,1,0,0,0,0,2,10,4,0,0.0,0,0,0.795,"For me, men drink openly near the empty plot and women avoid that road.","Frankly speaking, a proper WhatsApp group for the para where information is shared, not only forwards."
1083,1,1,INT01,2025-01-30,2,36,3,1,2,4,8500,0,15,4,5,4,3,4,1,0,0,1,0,4,7,2,0,0.0,0,1,0.626,no accountability,"benches and a walking track, that is where you actually meet neighbours. and cctv and a local help desk would make people feel secure to step out"
1084,1,1,INT02,2025-01-30,1,38,6,1,1,1,44500,1,2,1,2,3,2,3,0,0,0,1,0,1,7,3,1,3.0,1,0,0.734,"See, housing is too expensive, young couples cannot afford to live near their parents. Half my salary goes on rent.","Honestly, the association should be run democratically, not by the same two families. I went once but nobody listened to what I said. Along with that, working together on something practical like cleaning the drain would build trust."
1085,1,1,INT02,2025-01-30,2,53,5,6,2,2,20500,1,10,3,5,2,3,3,0,1,0,0,0,1,7,3,1,4.0,1,0,0.575,No parks,"Mainly if I knew I could stay here for more than a year, I would invest in knowing people."
1086,1,1,INT03,2025-01-30,2,27,2,6,2,2,7500,0,4,3,2,3,8,3,1,0,0,0,0,3,6,3,0,0.0,0,0,0.703,Young boys are sitting idle with degrees and no jobs. Some of them fall into bad company. Another thing is old people have nowhere to walk in the evening.,"Honestly, if we planted trees together and looked after them as a group. Another thing is regular get-togethers, even a monthly potluck would help."
1087,1,1,INT03,2025-01-30,2,69,4,7,2,4,26500,1,7,4,4,3,3,4,1,0,0,0,0,4,4,3,0,0.0,0,1,0.878,Mainly young boys are sitting idle with degrees and no jobs.,"most important is a common puja or utsav where everyone contributes, not only the committee. during the pandemic we cooked for each other and it felt like one family. along with that, respect for all communities, the young people are being poisoned by social media. then people would trust each other more"
1088,1,1,INT01,2025-01-31,2,32,3,2,2,6,102500,0,20,5,5,2,4,5,0,0,0,0,0,2,7,3,1,1.0,1,0,0.762,Basically nobody segregates waste and the municipality does not enforce anything.,"Most important is celebrating each other's festivals, Eid, Diwali, Christmas, Pongal, all of them."
1089,1,2,INT03,2025-01-31,1,83,3,2,2,9,14500,0,40,8,3,5,4,4,0,1,0,1,0,4,5,2,0,0.0,0,1,1.476,In summer there is hardly any water in the pipeline for weeks at a time. We have complained to the local body many times but nothing changes.,"transparency in how ward funds are spent, maybe a notice board"
1090,1,1,INT03,2025-01-31,1,31,3,1,1,1,43000,1,5,3,3,4,1,3,0,0,0,1,0,4,6,4,1,6.5,0,0,0.886,"Summer mein paani bilkul nahi aata, daily cans lene padte hai",If the KMC actually responded to complaints I would feel this place is mine.
1091,1,2,INT01,2025-02-01,2,26,4,3,2,5,35500,1,9,4,5,4,3,3,0,0,0,1,0,2,4,3,0,0.0,0,0,1.201,"Actually the deposit they ask is ten months of rent, which ordinary people cannot pay.",Community events on weekends when working people are free. Plus if people accepted us even though we do not speak the local language well.
1092,1,1,INT02,2025-02-01,2,27,5,6,2,5,55500,1,7,2,2,5,3,3,0,0,0,0,0,4,6,4,1,1.5,0,1,0.695,"loudspeakers during every function and procession, nobody can sleep",A place where women can come together without needing permission from anyone. Our self-help group gave me friends and some savings.
1093,1,1,INT02,2025-02-01,1,56,4,1,4,5,36500,0,13,5,5,2,4,4,1,0,0,0,0,3,5,3,1,1.0,0,1,0.733,Educated girls sit at home because there are no suitable jobs. Some of them fall into bad company. It is the same story every year.,প্রতিবেশীরা একটু খোঁজখবর নিলে ভালো লাগত।
1094,1,1,INT03,2025-02-01,2,85,5,3,2,5,23000,0,55,2,3,4,2,2,0,0,0,0,0,4,5,3,0,0.0,0,1,0.659,"There is no proper sewer line, the waste water stands in the lane. The Corporation cleans it once before elections and forgets. Along with that, diesel trucks pass all night and the air is black.","Most important is classes for tailoring or computers for women, we would get to know each other."
1095,1,1,INT01,2025-02-03,1,21,4,1,1,6,62000,0,5,3,3,4,4,9,0,0,0,1,0,2,6,5,1,5.5,0,1,1.167,"For me, waterlogging in monsoon is the biggest problem, children cannot go to school.",no discrimination
1096,1,2,INT03,2025-02-03,2,44,5,3,2,5,999999,0,28,5,4,2,3,5,0,0,1,0,0,3,4,3,1,1.0,0,1,1.003,Cannot say,"See, a place where women can come together without needing permission from anyone. Along with that, a park or common place where people can sit and talk in the evening."
1097,1,2,INT03,2025-02-04,1,30,4,2,1,3,8500,0,20,5,4,1,1,4,1,0,0,0,0,2,8,4,0,0.0,1,0,0.953,Graduates are doing delivery jobs because nothing else is available.,more community events
1098,1,1,INT03,2025-02-04,1,28,5,1,1,2,50000,1,3,3,2,4,2,1,0,0,0,0,0,2,5,4,1,2.5,0,0,0.843,potholes and traffic together make the daily commute a nightmare,পাড়ার পুজোয় সবাই মিলে কাজ করলে আরও কাছের মনে হয়।
1099,1,1,INT01,2025-02-05,1,54,6,3,2,3,156500,0,22,1,5,1,4,4,1,0,0,0,0,4,5,2,1,1.0,0,1,0.681,dirty roads,"To be honest, if people were more welcoming to newcomers instead of asking which caste or state we are from."
1100,1,2,INT03,2025-02-05,1,42,6,2,2,4,31000,0,35,4,4,4,4,4,0,1,0,0,0,4,9,5,1,1.0,0,1,0.652,Nobody segregates waste and the municipality does not enforce anything. My children fell sick with dengue last year.,Community events on weekends when working people are free.
1101,1,1,INT01,2025-02-06,2,70,5,7,4,5,23000,0,53,4,2,4,3,3,0,0,1,0,0,2,4,3,1,1.5,1,1,0.685,"To be honest, water supply is very irregular, sometimes we get it for only one hour in the morning.",Mahila samiti thakle meyera ekjot hote parto.
1102,1,1,INT01,2025-02-06,2,20,3,1,1,6,19000,1,3,1,3,4,1,1,0,0,0,0,0,1,3,4,1,2.5,1,0,0.601,Youth unemployment,Coaching or skill training centre for the young people of the area.
1103,1,1,INT02,2025-02-06,3,38,3,1,1,3,25500,0,31,4,5,2,5,5,0,0,0,0,0,3,9,5,0,0.0,1,0,0.95,"Loudspeakers during every function and procession, nobody can sleep.",nothing really
1104,1,2,INT02,2025-02-06,2,57,3,6,2,7,34000,0,9,5,5,3,1,3,0,0,0,0,0,3,7,3,1,2.5,0,1,0.928,Eve teasing,"Transparency in how ward funds are spent, maybe a notice board. Participatory budgeting like some cities have tried would be good."
1105,1,2,INT03,2025-02-06,1,62,5,7,2,3,24000,1,5,3,4,3,2,4,0,1,0,1,0,2,7,3,1,1.5,0,0,1.279,Dirty drain water mixes with the drinking water pipe,"Festival time pe sabko invite karna chahiye, sirf apne logon ko nahi. The association should be run democratically, not by the same two families."
1106,1,1,INT02,2025-02-07,1,46,1,1,2,4,13500,0,19,4,4,4,3,2,0,0,0,0,0,4,8,3,0,0.0,0,1,0.834,"Garbage ka bahut issue hai, safai wala roz nahi aata.","According to me, free classes to learn the local language would help migrants like me mix better. My children speak it better than me and they have local friends. Otherwise everyone is in their own world."
1107,1,1,INT03,2025-02-07,1,37,4,1,2,3,6000,0,7,1,3,5,2,5,1,1,1,0,0,3,5,3,1,0.5,0,1,0.823,,Basically a local office where you can go without a middleman.
1108,1,1,INT01,2025-02-08,1,33,6,1,2,1,21500,1,4,4,4,3,4,3,0,1,0,1,0,3,,4,1,2.0,0,1,0.945,"Frankly speaking, new flats have brought people who do not mix with anyone in the locality.","most important is a common puja or utsav where everyone contributes, not only the committee. when i was a child the whole para would sit together for the puja bhog. apart from that, just knowing the names of my neighbours would be a start"
1109,1,2,INT03,2025-02-08,1,47,4,1,2,6,19500,1,14,4,5,4,3,3,1,0,0,0,0,2,5,2,1,1.0,1,1,1.157,Mainly boys sit near the paan shop at night and pass comments on girls.,Actually coaching or skill training centre for the young people of the area.
1110,1,2,INT03,2025-02-08,2,46,5,6,1,5,8000,0,29,4,5,4,2,4,1,0,0,0,0,3,3,3,1,2.0,1,1,1.149,mainly autos and buses stop anywhere and the whole junction gets blocked. the signal near the school has not worked for months,No discrimination
1111,1,1,INT01,2025-02-09,1,34,4,1,2,2,999999,0,24,3,4,1,4,4,0,0,0,0,0,4,6,4,1,2.0,0,0,0.905,open drains,"See, regular get-togethers, even a monthly potluck would help."
1112,1,1,INT01,2025-02-09,2,30,2,3,2,7,11000,1,1,3,2,4,2,2,0,0,0,0,1,1,6,5,1,2.5,0,0,0.65,"For me, diesel trucks pass all night and the air is black. Schools were shut for a week in November because of the smog.",safety
1113,1,1,INT03,2025-02-09,1,32,3,1,2,8,11500,1,4,1,3,4,2,4,1,0,0,1,1,2,4,3,1,1.5,0,0,1.025,Rent too high,Bachcho ke liye koi club ya ground ho.
1114,1,1,INT02,2025-02-10,2,20,3,5,1,6,16000,0,12,3,4,2,2,4,1,0,0,1,0,4,7,5,0,0.0,0,0,0.887,basically the streetlight in front of our house has been broken for 10 years,Nothing
1115,1,2,INT02,2025-02-11,2,40,3,6,2,7,26500,0,22,5,5,2,3,4,0,0,0,0,0,4,8,2,0,0.0,0,0,1.11,Notun lokera karo sathe mesh na.,A place where women can come together without needing permission from anyone.
1116,1,1,INT01,2025-02-12,1,42,3,4,4,4,26500,0,25,4,4,3,3,4,1,0,0,1,0,3,7,3,1,1.5,0,0,0.829,"Pollution is the biggest issue, the children have asthma. My mother uses an inhaler now.",Basically a ward committee that meets every month and shares what the municipality is doing.
1117,1,1,INT01,2025-02-12,2,30,6,6,2,2,19000,1,4,2,2,5,2,2,0,0,0,1,0,2,7,4,1,0.5,0,0,0.468,"Safety at night is the biggest issue, especially for working women coming back late.",better lighting
1118,1,2,INT03,2025-02-12,2,31,4,3,2,3,13500,0,15,8,4,4,4,5,0,0,0,0,0,3,7,2,1,3.0,0,0,1.606,পাড়ার ছেলেদের হাতে কোনো কাজ নেই।,"Mainly football or cricket tournaments between lanes, the young people would connect. Our club used to run a library but it closed after the old members died. And a place where women can come together without needing permission from anyone."
1119,1,2,INT03,2025-02-12,1,75,2,7,4,4,9000,0,47,4,4,4,1,4,0,0,1,0,0,3,3,1,0,0.0,0,1,0.985,Nothing,Someone to check on elderly people who live alone.
1120,1,2,INT02,2025-02-13,2,35,2,1,2,7,15500,0,22,4,5,2,5,5,0,1,0,1,0,3,9,3,1,1.0,0,0,1.32,"Sanitation is very poor, the sweepers hardly come to our side.",NA
1121,1,2,INT02,2025-02-13,1,50,3,1,2,2,13000,0,31,4,3,3,2,5,1,0,0,0,0,2,3,3,0,0.0,0,1,1.345,"Constant honking, the noise is too much for elderly people.",friendly neighbours
1122,1,2,INT02,2025-02-13,1,37,2,3,2,6,14000,1,20,2,5,3,4,5,0,0,0,0,0,4,6,3,1,1.5,0,0,0.898,"Garbage ka bahut issue hai, safai wala roz nahi aata. Dirty drain water mixes with the drinking water pipe.","For me, honestly, more time. I leave at seven and come back at ten, there is no time to connect."
1123,1,2,INT03,2025-02-13,2,73,5,4,3,4,46500,0,38,9,2,2,4,1,0,0,0,0,0,2,4,2,1,0.5,0,1,0.915,Mainly nobody segregates waste and the local body does not enforce anything. The vat near the market overflows every day. Nobody cares.,"frankly speaking, if women were also invited to the meetings and made office bearers. transparency in how ward funds are spent, maybe a notice board"
1124,1,2,INT03,2025-02-13,2,47,3,3,1,1,28500,1,8,3,5,2,2,2,1,1,1,0,0,3,3,3,1,2.5,1,0,0.818,nothing much,Nothing
1125,1,1,INT01,2025-02-14,1,33,1,1,1,7,13500,0,20,3,2,3,3,3,1,0,1,0,0,3,6,4,0,0.0,0,1,1.099,,"Benches and a walking track, that is where you actually meet neighbours. And if people greeted each other and stopped judging tenants."
1126,1,1,INT01,2025-02-14,1,59,3,1,2,4,11000,0,50,5,5,1,5,5,1,0,0,0,0,4,6,3,0,0.0,0,1,0.673,Rain water has nowhere to go because all the ponds were filled up for buildings.,"A proper playground, the children will play together and the parents will also meet."
1127,1,2,INT01,2025-02-14,1,31,6,1,2,1,20000,0,8,4,5,4,4,1,1,0,0,0,0,3,8,5,1,3.5,0,0,1.238,"To be honest, the main road is always jammed because of the metro work","A councillor who comes and listens, not only during elections. Participatory budgeting like some cities have tried would be good."
1128,1,2,INT01,2025-02-14,2,25,5,6,1,3,8500,0,14,3,4,4,4,2,0,1,0,0,0,4,6,5,1,3.5,1,0,1.031,"Honestly, the drains are open and always blocked, the sewage overflows onto the road. The Corporation cleans it once before elections and forgets. It has become worse in the last few years.",A park or common place where people can sit and talk in the evening.
2001,2,1,INT05,2025-01-13,2,57,3,6,2,4,999999,0,16,4,1,5,2,3,1,0,0,0,0,4,7,2,0,0.0,0,0,1.285,"Honestly, loudspeakers during every function and procession, nobody can sleep. Air pollution is very bad, in winter you cannot even see the next building.",a small library or reading room where young and old can meet
2002,2,1,INT05,2025-01-13,2,77,2,6,2,5,20500,0,34,3,2,4,8,3,0,0,0,0,0,3,6,3,0,0.0,0,1,0.697,"I do not let my daughter come home alone after seven in the evening. Apart from that, public toilets are dirty and there are not enough of them.",A park or common place where people can sit and talk in the evening. Someone to check on elderly people who live alone.
2003,2,1,INT05,2025-01-13,1,21,6,5,2,3,116000,0,9,4,4,4,3,3,0,0,0,0,0,3,10,4,1,3.5,0,1,1.095,Biggest thing is in summer there is hardly any water in the pipeline for weeks at a time.,"WhatsApp group, working municipal office"
2004,2,2,INT06,2025-01-13,1,29,4,1,1,9,34500,0,19,5,4,2,4,5,1,0,0,1,0,4,7,3,1,1.0,0,1,1.486,"The nala behind our houses has not been cleaned for years. Also constant honking, the noise is too much for elderly people.",An app or group where we can report problems together and follow up. Right now the group is only used for complaints about parking.
2005,2,2,INT07,2025-01-14,2,71,3,6,2,2,35500,1,1,1,1,5,1,1,0,1,0,0,0,3,5,2,1,1.0,0,1,1.083,"To be honest, boys sit near the paan shop at night and pass comments on girls. Even in daytime some stretches feel unsafe. Apart from that, the streetlight in front of our house has been broken for 6 years. We are fed up.",youth club
2006,2,1,INT05,2025-01-15,2,85,2,6,2,4,11000,1,2,2,2,5,3,9,0,0,0,0,0,1,4,1,0,0.0,1,1,0.985,"Loudspeakers, no community events","senior citizens club, women's group"
2007,2,2,INT06,2025-01-15,2,27,4,6,1,8,6000,0,8,1,2,5,1,2,0,0,0,0,1,2,5,5,0,0.0,0,0,1.249,"There is no parking, people park on both sides and even an ambulance cannot enter.","a proper whatsapp group for the colony where information is shared, not only forwards"
2008,2,1,INT06,2025-01-15,1,59,3,1,2,4,41000,0,25,1,2,4,1,3,0,0,0,0,0,2,4,3,0,0.0,0,1,0.687,Drainage is so bad that the lane smells all year round. Smoke from burning garbage makes breathing difficult in the evening.,bachcho ke liye koi club ya ground ho
2009,2,2,INT04,2025-01-16,1,37,2,1,3,8,20000,0,11,3,3,3,3,3,1,0,0,0,0,3,5,5,1,3.0,0,0,0.969,"According to me, air pollution is very bad, in winter you cannot even see the next building. Another thing is garbage is not collected regularly and it piles up at the corner of the road.",Don't know
2010,2,1,INT05,2025-01-16,1,43,3,1,2,6,22000,0,7,1,2,4,1,2,0,0,0,0,0,3,5,3,0,0.0,0,0,1.104,"Water ka timing fixed nahi hai, kabhi subah kabhi raat.",I think a community hall that anybody can use for functions without paying a lot.
2011,2,1,INT05,2025-01-16,1,53,5,1,2,2,999999,0,42,3,4,5,2,2,1,0,1,1,0,2,3,2,1,1.5,1,1,0.878,Construction noise goes on day and night,"A small library or reading room where young and old can meet. Second thing, if people were more welcoming to newcomers instead of asking which caste or state we are from."
2012,2,1,INT05,2025-01-16,1,47,2,3,2,3,999999,0,35,3,4,2,3,2,0,1,1,1,0,4,6,2,1,3.0,1,1,1.198,Nobody segregates waste and the MCD does not enforce anything. Plus the main road is always jammed because of the metro work.,"See, more cultural programmes where families can come together."
2013,2,2,INT06,2025-01-16,1,43,4,1,1,2,14500,1,1,3,1,5,2,2,0,0,0,0,0,1,5,5,0,0.0,0,0,1.205,Nobody segregates waste and the MCD does not enforce anything,"Frankly speaking, if people greeted each other and stopped judging tenants."
2014,2,2,INT04,2025-01-17,1,40,3,4,2,3,26000,0,5,3,2,5,1,2,0,0,0,0,0,3,5,2,0,0.0,0,1,1.317,"Dhulo aar dhonwa, sobar kashi. Paani ka bahut problem hai, tanker pe depend karna padta hai.","Owning a house, even a small one. As a tenant you always feel temporary. We have shifted so many times that my children stopped making friends."
2015,2,1,INT04,2025-01-17,2,32,6,1,2,3,21500,1,7,3,5,3,4,2,0,0,0,0,1,2,7,4,1,2.5,0,0,0.816,"Frankly speaking, pollution is the biggest issue, the children have asthma. We bought an air purifier but it is only for one room.","According to me, a park or common place where people can sit and talk in the evening."
2016,2,1,INT04,2025-01-17,1,44,5,1,2,5,21500,0,29,3,3,3,8,5,0,0,0,1,0,4,7,4,0,0.0,0,1,1.145,"mainly tap water is yellowish and smells, so we boil it or buy cans",Coaching or skill training centre for the young people of the colony.
2017,2,2,INT05,2025-01-17,1,28,3,3,2,7,44000,1,3,3,4,4,2,2,0,1,0,0,1,2,5,5,1,2.0,0,0,1.658,"for me, the dust from construction is everywhere, everyone has a cough","See, if people greeted each other and stopped judging tenants."
2018,2,1,INT04,2025-01-18,1,37,4,4,2,7,45500,0,21,4,4,5,2,3,0,0,0,0,0,3,6,2,1,1.5,0,1,0.782,"Loudspeakers during every function and procession, nobody can sleep. Old residents look at us as outsiders even after 5 years.",Mainly a youth club with sports and computer classes to keep the boys busy. Our club used to run a library but it closed after the old members died.
2019,2,2,INT04,2025-01-18,1,41,3,3,2,7,17000,0,35,4,4,3,2,4,0,0,0,0,0,4,10,3,1,2.0,1,0,0.878,No problem as such,"A proper playground, the children will play together and the parents will also meet. In the old days the rowak outside the houses was where everybody met"
2020,2,1,INT06,2025-01-18,3,32,4,4,1,7,134500,1,3,3,4,5,4,3,0,0,0,0,0,4,8,3,1,3.0,1,1,0.753,"To be honest, nobody segregates waste and the municipal office does not enforce anything. The marriage hall next door plays music till two in the morning. On top of that, the only open ground was taken for a parking lot","To be honest, just knowing the names of my neighbours would be a start."
2021,2,1,INT06,2025-01-18,2,68,6,6,2,5,40000,0,19,2,1,5,1,1,0,0,1,0,0,1,1,3,0,0.0,1,1,0.989,"Water ka timing fixed nahi hai, kabhi subah kabhi raat. The lane to the station is dark and lonely, I always call someone while walking.",NA
2022,2,2,INT06,2025-01-18,1,20,4,1,1,2,19500,1,3,3,3,1,2,2,1,0,0,0,0,3,4,2,1,2.0,0,0,1.608,no regular water,Just knowing the names of my neighbours would be a start. And if we celebrated festivals together as one block instead of separately.
2023,2,1,INT07,2025-01-18,1,19,6,5,1,2,999999,0,3,3,5,3,2,4,0,0,0,1,1,3,7,5,1,3.5,0,1,0.968,traffic,more trust
2024,2,2,INT06,2025-01-19,1,24,1,5,2,5,18500,1,7,1,2,5,2,1,0,0,0,0,0,2,7,4,1,3.0,0,0,1.912,Water pressure is so low that the upper floors get nothing at all.,sab milke safai karein toh apna area lagega
2025,2,1,INT06,2025-01-19,2,36,5,6,2,3,27500,0,4,4,2,4,3,3,0,0,0,0,0,3,7,5,1,5.5,1,0,1.079,I think there is no proper dustbin anywhere in the colony.,"Neighbours helping each other in emergencies, like it used to be. In my village everyone knows everyone, here I feel like a stranger. Second thing, regular get-togethers, even a monthly potluck would help. People only meet at weddings and funerals now."
2026,2,2,INT05,2025-01-21,2,25,2,6,1,3,17000,0,6,2,3,5,1,2,0,0,0,0,0,3,4,5,0,0.0,0,0,1.035,"To be honest, air pollution is very bad, in winter you cannot even see the next building. Schools were shut for a week in November because of the smog. Housing is too expensive, young couples cannot afford to live near their parents. Half my salary goes on rent. Something should be done.",clean surroundings
2027,2,2,INT07,2025-01-21,2,42,3,6,2,2,5000,0,32,3,3,3,4,3,0,1,0,1,0,2,6,2,0,0.0,1,1,0.818,I think diesel trucks pass all night and the air is black.,"Frankly speaking, a local office where you can go without a middleman."
2028,2,1,INT07,2025-01-21,2,42,3,1,2,4,15000,1,7,2,1,4,2,1,0,0,0,0,0,3,5,4,0,0.0,1,0,0.696,"Biggest thing is water supply is very irregular, sometimes we get it for only one hour in the morning. Last October we bought water cans every single day. Also safety at night is the biggest issue, especially for working women coming back late. We asked for a police booth but nothing happened.","To be honest, more cultural programmes where families can come together. Classes for tailoring or computers for women, we would get to know each other."
2029,2,1,INT05,2025-01-22,2,52,3,6,2,4,11000,1,14,2,1,5,2,3,0,0,0,0,0,1,2,3,1,0.5,0,0,0.705,Not safe at night,Nothing
2030,2,1,INT06,2025-01-22,1,43,5,1,2,3,34500,1,2,3,3,5,2,2,0,0,1,0,0,4,8,4,1,1.0,0,0,1.375,"Housing, water problem",More free time
2031,2,1,INT06,2025-01-22,1,48,3,1,2,3,11000,0,28,4,3,3,4,4,0,0,0,0,0,3,10,2,0,0.0,0,0,0.927,"Traffic, smog",nothing really
2032,2,1,INT06,2025-01-22,2,35,6,6,1,5,24500,0,21,3,5,5,2,2,0,0,0,0,0,3,7,4,1,2.0,0,0,0.687,"Frankly speaking, every house has two cars now but the lanes are the same width as thirty years ago. There are fights over parking almost every week.",Political parties should stop dividing the colony for votes.
2033,2,1,INT04,2025-01-23,2,25,3,6,2,7,15500,1,1,2,2,4,8,1,0,0,1,0,0,2,6,4,1,10.5,0,0,0.923,"for me, there is no parking, people park on both sides and even an ambulance cannot enter. my son missed his exam once because the bus was stuck for an hour",Sab milke tyohar manaye toh accha lagega.
2034,2,1,INT06,2025-01-23,1,24,3,5,2,4,49500,1,7,3,3,3,4,4,1,0,0,0,0,3,9,4,0,0.0,0,0,0.71,basically men drink openly near the empty plot and women avoid that road. last may a girl from our building was followed home. it has become worse in the last few years,"To be honest, CCTV and a local help desk would make people feel secure to step out. My mother will only let me go if my brother comes along. That is what I feel."
2035,2,1,INT07,2025-01-23,1,46,5,1,2,3,60000,0,8,3,4,3,1,4,0,0,0,0,0,4,8,4,1,1.5,0,0,1.2,"See, loudspeakers during every function and procession, nobody can sleep. Plus lights are there on the main road but not in the inner lanes.","Time hi nahi milta, office aur ghar mein hi din khatam."
2036,2,2,INT06,2025-01-24,1,58,2,1,2,2,9500,0,27,5,3,3,1,4,0,0,0,0,0,3,7,3,0,0.0,0,1,0.923,nothing much,A small library or reading room where young and old can meet.
2037,2,2,INT06,2025-01-24,3,35,4,1,1,1,13000,0,25,2,1,4,1,4,0,0,0,0,0,2,5,3,1,4.0,1,0,0.984,Cannot say,Better services
2038,2,2,INT07,2025-01-24,1,38,5,1,2,7,23500,0,33,5,5,2,4,5,0,0,1,1,0,4,10,4,0,0.0,0,0,1.122,public toilets are dirty and there are not enough of them,Cultural programmes
2039,2,2,INT07,2025-01-24,1,21,5,5,1,6,62500,1,4,3,4,1,4,4,0,0,0,1,0,2,6,5,1,5.5,0,0,1.214,"water ka timing fixed nahi hai, kabhi subah kabhi raat","For me, more trust between people, now everyone keeps to themselves. My neighbour aunty sends food sometimes and that is the only connection I have. That is what I feel."
2040,2,1,INT06,2025-01-26,1,52,4,1,2,5,27500,0,30,4,4,4,3,5,1,1,0,0,0,3,7,3,0,0.0,0,1,0.817,"Traffic is terrible, it takes me 3 hours to go to office and come back. I spend more time on the road than with my family. Along with that, the deposit they ask is ten months of rent, which ordinary people cannot pay.",Ek park ho jahan log baith ke baat kar sakein.
2041,2,1,INT06,2025-01-26,2,40,3,6,1,3,11000,1,23,4,2,3,2,1,0,0,0,0,0,2,2,3,0,0.0,1,0,0.772,actually we depend on tankers for drinking water and they charge 1500 rupees a trip,stable rent
2042,2,2,INT04,2025-01-27,1,41,3,3,2,8,57000,0,17,4,5,2,1,3,1,0,0,1,0,3,6,4,1,2.5,0,0,1.307,There is no proper dustbin anywhere in the colony. Plus you need a middleman even to get a birth certificate.,"Frankly speaking, a common puja or utsav where everyone contributes, not only the committee. On top of that, a councillor who comes and listens, not only during elections."
2043,2,2,INT05,2025-01-27,2,35,5,4,2,1,47000,0,27,5,5,3,1,4,1,1,0,0,0,4,10,4,1,3.5,0,1,0.877,गली की बत्तियाँ महीनों से खराब हैं।,"CCTV and a local help desk would make people feel secure to step out. Right now I rush home before dark, so I miss everything."
2044,2,1,INT06,2025-01-27,1,35,5,1,2,3,21000,0,6,3,2,5,2,4,0,0,0,0,0,4,6,3,1,1.0,0,0,1.26,"For me, water pressure is so low that the upper floors get nothing at all. My mother spends half her morning just arranging water. Kids are stuck indoors on phones because there is no place to play.","Biggest thing is a proper WhatsApp group for the block where information is shared, not only forwards. Right now the group is only used for complaints about parking. That is what I feel."
2045,2,2,INT07,2025-01-27,2,77,1,7,4,4,13500,1,8,3,4,3,2,2,0,0,0,0,0,2,5,2,0,0.0,1,0,1.486,"Water shortage, eve teasing",
2046,2,1,INT04,2025-01-28,1,51,2,1,2,4,10500,0,22,4,4,3,4,4,0,0,0,0,0,2,3,3,0,0.0,0,0,0.934,noise pollution,"festival time pe sabko invite karna chahiye, sirf apne logon ko nahi"
2047,2,2,INT05,2025-01-28,1,32,6,2,2,6,999999,1,6,4,3,4,2,1,1,1,0,0,0,4,9,5,1,1.5,0,1,1.416,Old people have nowhere to walk in the evening.,Friendly neighbours
2048,2,1,INT05,2025-01-28,1,27,4,1,2,3,41500,0,15,3,4,4,3,3,1,1,0,1,0,2,7,3,1,1.5,0,0,0.983,It is not safe for women to walk alone after dark here,Cannot say
2049,2,1,INT07,2025-01-29,2,43,5,6,2,5,90500,0,27,5,4,2,4,4,1,0,0,0,1,2,6,5,1,1.5,1,0,0.944,"blocked drains, parking","Celebrating each other's festivals, Eid, Diwali, Christmas, Pongal, all of them. During the pandemic we cooked for each other and it felt like one family."
2050,2,1,INT07,2025-01-29,2,53,4,6,2,2,7000,0,39,5,4,2,4,3,0,0,0,0,1,2,7,2,1,3.0,0,1,0.878,"To be honest, loudspeakers during every function and procession, nobody can sleep.","Transparency in how ward funds are spent, maybe a notice board."
2051,2,1,INT04,2025-01-30,2,40,5,1,2,8,25500,0,22,4,4,1,5,2,1,0,0,0,0,3,7,2,1,1.5,0,1,1.143,NA,Most important is a park or common place where people can sit and talk in the evening. The tea stall is the only place where people chat now
2052,2,2,INT04,2025-01-30,2,19,5,5,1,2,35000,0,11,4,4,4,2,2,1,0,0,0,0,2,7,4,1,3.0,0,0,1.417,People throw waste in the open plot next to our building and it stinks.,"A cleanliness drive where everyone participates, owners and tenants together."
2053,2,1,INT06,2025-01-30,1,,5,3,2,2,27000,1,3,1,1,5,1,1,0,0,0,0,0,3,8,5,1,1.5,0,0,0.844,"The garbage van comes maybe twice a week, so everyone just dumps it outside. We tried collecting money for a private cleaner but it stopped after two months. We are fed up.","working together on something practical like cleaning the drain would build trust. on top of that, fair rent agreements so that we are not thrown out suddenly"
2054,2,1,INT06,2025-01-30,2,35,4,4,2,7,55500,0,16,4,5,2,3,3,1,1,0,0,0,3,9,5,1,7.0,0,1,0.525,don't know,women's group
2055,2,2,INT07,2025-01-30,2,59,5,1,4,5,41000,1,2,4,3,2,2,3,1,0,0,0,0,3,6,4,1,0.5,1,0,0.943,Nothing gets done in the local body office without paying a bribe,"basic services working properly, water, roads and lights, then people have time for each other"
2056,2,1,INT04,2025-01-31,1,54,5,3,2,3,29000,0,24,4,5,2,3,4,1,0,0,0,1,4,7,3,1,1.5,0,1,0.784,Garbage is not collected regularly and it piles up at the corner of the road. The vat near the market overflows every day. And the local officials take money and ignore complaints. Honest people get tired and give up. Nobody cares.,"For me, if women were also invited to the meetings and made office bearers."
2057,2,1,INT07,2025-01-31,2,47,4,6,2,4,13000,0,22,4,4,4,2,4,0,1,0,1,0,3,8,3,1,1.0,0,0,1.092,"See, safety at night is the biggest issue, especially for working women coming back late. Even in daytime some stretches feel unsafe.",ekta boshar jaiga thakle adda hoto
2058,2,1,INT07,2025-01-31,2,26,3,3,2,5,37500,1,8,4,4,4,1,3,0,0,0,0,0,3,7,3,1,1.5,0,0,0.942,Old residents look at us as outsiders even after 15 years.,Actually if people were more welcoming to newcomers instead of asking which caste or state we are from. My neighbour aunty sends food sometimes and that is the only connection I have. CCTV and a local help desk would make people feel secure to step out. Then it would feel like home.
2059,2,1,INT04,2025-02-02,2,30,3,2,1,4,21500,1,8,5,4,2,3,8,0,0,0,0,0,3,7,2,1,1.5,0,0,0.552,blocked drains,नगर निगम शिकायत सुने तो भरोसा बनेगा।
2060,2,1,INT04,2025-02-03,1,32,6,1,2,2,41500,1,8,2,4,4,4,3,1,0,0,0,1,3,7,4,1,3.0,0,0,0.611,"To be honest, the local officials take money and ignore complaints.","Benches and a walking track, that is where you actually meet neighbours. In the old days the rowak outside the houses was where everybody met. That is what I feel."
2061,2,2,INT05,2025-02-03,1,19,5,5,1,2,41500,1,0,2,2,5,2,3,0,0,0,0,0,3,8,5,1,2.0,0,0,1.254,"Traffic jam, corruption",Most important is a ward committee that meets every month and shares what the Corporation is doing.
2062,2,1,INT05,2025-02-03,1,24,4,3,1,2,21000,1,7,3,4,3,3,3,0,0,0,0,0,1,7,4,1,5.5,0,0,0.977,"There are no community programmes any more, people just stay inside their flats.","Most important is owning a house, even a small one. As a tenant you always feel temporary. Tenants are never seen as real members of the colony."
2063,2,1,INT07,2025-02-03,2,25,5,3,2,2,49500,0,16,1,3,4,1,1,0,0,0,0,1,3,5,5,1,5.0,0,1,0.716,basically rents are going up every year and the landlord asks for 900 rupees more each time. the broker takes one month rent as commission,"Basically more trust between people, now everyone keeps to themselves."
2064,2,2,INT07,2025-02-03,1,35,3,3,2,7,10500,1,13,1,3,5,1,2,0,0,0,0,0,3,4,4,1,1.0,0,1,1.335,Every house has two cars now but the lanes are the same width as thirty years ago.,knowing neighbours
2065,2,2,INT04,2025-02-04,1,32,4,1,2,1,19500,1,3,4,4,2,3,8,1,0,0,0,0,2,6,3,1,2.5,0,1,1.259,"pollution is the biggest issue, the children have asthma","For me, a community hall that anybody can use for functions without paying a lot. The tea stall is the only place where people chat now."
2066,2,2,INT05,2025-02-04,2,46,4,6,2,6,34000,0,39,2,4,4,4,3,0,0,0,0,1,3,,1,0,0.0,0,1,1.392,"summer mein paani bilkul nahi aata, daily cans lene padte hai",I already feel connected
2067,2,2,INT06,2025-02-04,1,31,1,3,2,7,18500,1,11,3,4,3,2,4,0,0,0,1,0,3,1,4,0,0.0,0,1,1.158,Nali hamesha choke rehti hai.,"If the streets were safe to walk at night I would go out and meet people more. Second thing, owning a house, even a small one. As a tenant you always feel temporary."
2068,2,1,INT06,2025-02-04,1,29,5,1,2,4,75500,1,12,2,3,3,3,3,0,1,0,0,0,4,6,4,1,2.0,0,1,0.839,we depend on tankers for drinking water and they charge 800 rupees a trip,"See, some kind of welcome for new families, somebody to show them around. My neighbour aunty sends food sometimes and that is the only connection I have."
2069,2,1,INT07,2025-02-04,1,62,2,7,2,4,8000,0,31,4,5,3,3,4,0,0,0,0,0,3,9,4,1,1.0,0,0,1.324,People throw waste in the open plot next to our building and it stinks. In the rainy season the smell is unbearable and mosquitoes breed. You need a middleman even to get a birth certificate. Nobody cares.,"See, working together on something practical like cleaning the drain would build trust."
2070,2,1,INT06,2025-02-05,1,46,3,3,2,7,14000,0,31,2,2,3,2,2,1,0,0,0,0,2,6,4,1,1.5,0,1,0.852,The local officials take money and ignore complaints.,A local office where you can go without a middleman.
2071,2,1,INT06,2025-02-05,1,85,4,7,2,1,13500,1,7,2,4,3,2,2,1,0,0,0,1,4,4,2,1,0.0,0,1,1.017,"Summer mein paani bilkul nahi aata, daily cans lene padte hai.",If the streets were safe to walk at night I would go out and meet people more.
2072,2,2,INT04,2025-02-06,2,71,5,6,2,5,55500,0,51,2,4,3,4,1,0,0,0,0,0,4,6,3,0,0.0,0,1,1.416,the borewell went dry last summer and the tanker people charge whatever they like,"Regular get-togethers, even a monthly potluck would help. When I was a child the whole area would sit together for the puja bhog."
2073,2,1,INT05,2025-02-06,1,46,2,4,2,6,26500,0,18,4,5,3,3,5,0,0,1,1,0,3,6,3,0,0.0,0,1,0.778,I think smoke from burning garbage makes breathing difficult in the evening. Also the only open ground was taken for a parking lot.,"A common puja or utsav where everyone contributes, not only the committee."
2074,2,1,INT06,2025-02-06,1,36,5,3,2,4,42000,0,22,4,3,4,4,2,1,0,0,0,0,4,5,3,1,1.0,0,1,1.048,Dirty roads,"More trust between people, now everyone keeps to themselves. My neighbour aunty sends food sometimes and that is the only connection I have"
2075,2,2,INT06,2025-02-06,2,72,4,6,4,3,28000,1,10,4,3,3,2,4,1,1,0,0,1,4,6,2,0,0.0,0,1,0.826,"कूड़ा हफ्तों तक पड़ा रहता है, कोई उठाने नहीं आता।",Don't know
2076,2,2,INT07,2025-02-06,2,54,2,6,2,5,11000,0,33,3,4,2,4,2,1,0,0,0,0,4,7,3,1,2.5,0,1,1.486,Getting enough clean water for the family is the main struggle. My mother spends half her morning just arranging water. It has become worse in the last few years.,no discrimination
2077,2,2,INT04,2025-02-07,1,31,5,4,1,3,14000,0,12,4,4,2,2,3,0,0,0,0,0,9,6,4,1,3.0,0,1,1.712,"Honestly, the main road is always jammed because of the metro work. Plus poor lighting on the approach road makes it scary after sunset.",अपना घर हो तो अपनापन आता है।
2078,2,1,INT05,2025-02-07,1,30,4,3,2,3,30000,0,20,4,4,3,1,2,0,0,0,0,0,3,6,4,1,5.5,0,1,1.353,"To be honest, the deposit they ask is ten months of rent, which ordinary people cannot pay.",A community hall that anybody can use for functions without paying a lot. The tea stall is the only place where people chat now.
2079,2,1,INT06,2025-02-07,2,28,3,6,2,7,25000,1,11,3,2,2,4,2,0,0,0,0,0,4,5,5,1,2.0,1,0,0.814,Most important is police patrolling is almost nil after ten at night.,Don't know
2080,2,1,INT04,2025-02-10,1,26,4,3,2,5,52500,0,12,4,5,4,8,4,1,0,1,0,0,3,10,4,1,8.0,0,1,1.129,"No playground, unemployment",open RWA meetings
2081,2,1,INT04,2025-02-10,1,,4,3,2,4,84500,0,19,2,2,4,1,3,1,1,0,1,0,4,7,3,1,2.0,0,1,1.029,Parking nie roj jhogra hoy.,Cultural programmes
2082,2,1,INT04,2025-02-10,1,64,3,1,2,7,12500,0,45,3,4,3,8,4,0,0,1,0,0,4,4,3,0,0.0,0,1,0.826,"Pollution is the biggest issue, the children have asthma.","Shorter travel to work, then weekends would not be only for rest."
2083,2,2,INT04,2025-02-10,2,36,3,3,2,5,11000,0,20,2,2,3,1,1,0,0,0,0,0,1,6,3,1,1.0,0,0,1.242,There have been chain snatching incidents near the bus stop,"see, a women's group or self-help group where we can meet and also earn something"
2084,2,2,INT04,2025-02-10,2,26,3,1,1,4,15000,1,8,4,4,2,4,9,0,1,0,0,0,3,7,3,1,3.5,0,0,1.213,"Frankly speaking, traffic is terrible, it takes me 2 hours to go to office and come back. Plus old residents look at us as outsiders even after 10 years.",online group
2085,2,1,INT04,2025-02-10,1,33,6,1,2,5,30000,0,9,4,5,3,8,5,0,0,0,1,0,2,6,4,1,0.5,0,0,0.925,"The deposit they ask is ten months of rent, which ordinary people cannot pay. Many families who lived here for decades have left for the outskirts. On top of that, educated girls sit at home because there are no suitable jobs. Some of them fall into bad company.","Honestly, a community hall that anybody can use for functions without paying a lot. In the old days the rowak outside the houses was where everybody met. It is not difficult, someone just has to start."
2086,2,1,INT05,2025-02-10,2,81,1,1,2,8,999999,0,16,2,1,5,2,2,0,0,0,0,0,3,3,3,0,0.0,1,0,0.727,"Water supply is very irregular, sometimes we get it for only one hour in the morning. Without a water purifier you cannot drink it. Also safety at night is the biggest issue, especially for working women coming back late.",women's group
2087,2,1,INT06,2025-02-10,1,47,3,1,2,3,35500,0,41,3,3,5,3,2,1,0,0,1,0,4,6,3,0,0.0,0,0,1.028,NA,"clean surroundings, residents meetings"
2088,2,1,INT07,2025-02-10,1,55,3,6,2,3,27000,1,19,2,3,5,8,2,0,0,0,0,0,4,6,3,1,2.5,0,1,1.192,traffic,Parar pujoy sobai mile kaaj korle bhalo lage.
2089,2,1,INT07,2025-02-10,2,37,3,6,2,3,10000,1,1,3,3,5,1,3,0,0,0,0,0,1,6,3,1,1.5,0,0,0.765,"to be honest, housing is too expensive, young couples cannot afford to live near their parents. plus the garbage van comes maybe twice a week, so everyone just dumps it outside",Cannot say
2090,2,2,INT05,2025-02-11,1,51,4,2,2,5,22500,1,2,3,4,3,2,3,0,0,1,0,0,1,5,4,0,0.0,0,0,1.493,nobody segregates waste and the municipality does not enforce anything,
2091,2,1,INT05,2025-02-11,2,57,4,4,2,4,15500,1,4,2,3,4,1,4,0,0,0,0,0,3,9,2,1,1.5,1,1,0.712,"There is no proper dustbin anywhere in the mohalla. In the rainy season the smell is unbearable and mosquitoes breed. Apart from that, the drains are open and always blocked, the sewage overflows onto the road. Along with that, water supply is very irregular, sometimes we get it for only one hour in the morning. Hope this survey helps.","Safe public transport so that I can attend things in the evening. And basic services working properly, water, roads and lights, then people have time for each other"
2092,2,2,INT07,2025-02-11,1,60,4,3,2,8,16000,0,38,5,4,5,4,5,0,1,1,0,0,3,8,4,0,0.0,0,1,1.364,Too much traffic,a park
2093,2,1,INT04,2025-02-12,1,50,3,1,2,5,20500,1,6,2,4,4,2,3,0,1,0,1,0,3,4,4,1,1.5,1,0,1.001,I think public toilets are dirty and there are not enough of them. In the rainy season the smell is unbearable and mosquitoes breed. Also men drink openly near the empty plot and women avoid that road,Secure housing
2094,2,1,INT06,2025-02-12,2,38,6,6,2,6,999999,0,8,5,2,3,1,3,1,1,0,0,0,3,9,5,1,3.0,0,0,0.518,"प्रदूषण बहुत ज़्यादा है, सर्दियों में साँस लेना मुश्किल है।",i think more cultural programmes where families can come together
2095,2,2,INT06,2025-02-12,2,57,4,1,2,5,19500,0,36,3,3,4,3,2,0,0,0,0,0,3,7,3,0,0.0,0,1,1.144,Actually it is not safe for women to walk alone after dark here. I have started taking an auto even for a short distance. Otherwise it is a nice place to live.,"Frankly speaking, football or cricket tournaments between lanes, the young people would connect. A councillor who comes and listens, not only during elections."
2096,2,1,INT04,2025-02-13,1,85,4,7,2,3,15500,1,5,2,4,3,4,3,1,1,0,0,0,2,9,3,0,0.0,0,1,0.983,"Mainly tap water is yellowish and smells, so we boil it or buy cans. We have complained to the MCD many times but nothing changes. The deposit they ask is ten months of rent, which ordinary people cannot pay.",common space
2097,2,1,INT04,2025-02-13,3,26,3,4,2,6,13500,0,20,2,2,4,2,1,1,0,0,0,0,2,8,4,1,1.5,0,0,0.812,"Ladke log comment pass karte hai, isliye evening ke baad bahar nahi jaati.","Actually a cleanliness drive where everyone participates, owners and tenants together."
2098,2,2,INT06,2025-02-13,1,33,5,3,2,5,68500,1,13,2,1,3,1,3,0,1,1,0,0,1,6,3,1,1.0,1,0,1.099,"People are suspicious of tenants, they call them outsiders.","Basic services working properly, water, roads and lights, then people have time for each other. Participatory budgeting like some cities have tried would be good."
2099,2,2,INT06,2025-02-13,1,33,5,3,2,7,32000,1,9,2,2,4,2,3,0,0,0,0,0,1,5,4,1,9.5,0,0,1.739,Outsiders vs locals,I think community events on weekends when working people are free.
2100,2,1,INT07,2025-02-13,2,38,3,6,2,4,113000,0,21,2,1,4,2,2,0,0,0,0,0,2,7,4,1,1.0,1,0,0.751,"The dust from construction is everywhere, everyone has a cough.",a community hall that anybody can use for functions without paying a lot
2101,2,2,INT05,2025-02-14,1,48,2,1,2,7,7500,1,5,2,4,4,3,4,0,0,0,0,0,1,3,2,1,1.0,0,0,1.872,Garbage is not collected regularly and it piles up at the corner of the road.,Parar pujoy sobai mile kaaj korle bhalo lage
2102,2,2,INT06,2025-02-14,2,21,3,4,1,8,999999,0,15,4,3,3,3,3,1,0,0,1,1,3,8,5,1,2.5,0,0,1.166,"To be honest, nobody segregates waste and the local body does not enforce anything. Another thing is dirty drain water mixes with the drinking water pipe.","To be honest, something for teenagers to do in the evening other than sitting on the phone. Our club used to run a library but it closed after the old members died. That is what I feel."
2103,2,2,INT05,2025-02-15,3,35,6,1,1,7,53500,1,1,2,4,5,3,3,0,1,0,0,0,4,7,4,1,5.5,0,1,1.54,Mainly men drink openly near the empty plot and women avoid that road.,If people greeted each other and stopped judging tenants. When my father was in hospital not a single neighbour asked.
2104,2,1,INT06,2025-02-15,2,34,4,1,2,4,6000,1,11,3,3,4,2,2,0,0,0,0,0,3,5,3,1,3.0,1,0,0.89,"रात को लड़कियों के लिए सुरक्षित नहीं है, डर लगता है।","To be honest, benches and a walking track, that is where you actually meet neighbours. And if the streets were safe to walk at night I would go out and meet people more. Plus if the municipal office actually responded to complaints I would feel this place is mine."
2105,2,2,INT06,2025-02-15,1,35,3,2,2,8,17000,0,22,5,3,1,3,5,1,0,0,0,0,3,5,4,1,1.5,0,1,1.584,"According to me, there is still no piped water connection in our lane, only one common tap.","Safe public transport so that I can attend things in the evening. Right now I rush home before dark, so I miss everything. Plus less division by religion and caste, we were never like this before."
2106,2,1,INT05,2025-02-17,1,60,6,3,4,4,136000,0,49,4,4,3,3,3,0,0,0,0,0,4,6,3,0,0.0,0,1,1.409,I do not let my daughter come home alone after seven in the evening.,"Less division by religion and caste, we were never like this before."
2107,2,2,INT05,2025-02-17,1,57,4,1,2,5,15000,0,37,3,3,3,1,2,0,0,0,0,0,4,6,2,1,0.5,1,1,1.596,Diesel trucks pass all night and the air is black.,"Online group, community hall"
2108,2,1,INT05,2025-02-17,1,51,6,1,2,5,49000,0,26,4,3,3,5,2,1,0,0,0,0,3,8,4,1,1.5,0,1,1.075,most important is diesel trucks pass all night and the air is black. we bought an air purifier but it is only for one room. there is no community hall or common place where people can meet,"If we celebrated festivals together as one area instead of separately. Apart from that, a proper playground, the children will play together and the parents will also meet."
2109,2,1,INT06,2025-02-17,1,38,6,1,2,6,65500,0,15,2,5,1,4,5,1,1,1,0,0,4,8,4,0,0.0,0,1,1.013,Nothing gets done in the municipal office office without paying a bribe.,"Benches and a walking track, that is where you actually meet neighbours. In the old days the rowak outside the houses was where everybody met. Second thing, transparency in how ward funds are spent, maybe a notice board"
2110,2,1,INT06,2025-02-17,2,52,5,6,1,2,183500,0,33,8,4,4,2,1,0,0,1,0,0,4,10,3,1,1.0,0,1,1.05,"bribery, drainage",Mahila mandal meetings in the afternoon when we are free from housework.
2111,2,1,INT06,2025-02-17,2,62,3,6,2,2,8500,0,52,3,3,5,2,2,1,0,0,0,0,4,6,2,0,0.0,0,0,0.788,I think public toilets are dirty and there are not enough of them. And the borewell went dry last summer and the tanker people charge whatever they like.,Buro-der jonno ekta boshar ghor thakle bhalo hoto.
2112,2,2,INT07,2025-02-17,1,19,2,5,2,6,48500,0,3,3,1,5,2,2,0,1,0,0,0,1,6,3,0,0.0,0,0,1.399,Getting enough clean water for the family is the main struggle.,cleanliness drive
2113,2,2,INT07,2025-02-17,2,30,2,6,2,4,23000,0,3,3,4,3,3,3,0,1,0,0,0,4,8,4,1,3.0,0,0,1.638,"Traffic ka koi solution nahi hai, office jaane mein hi do ghante lag jaate hai.",community hall
2114,2,2,INT07,2025-02-17,2,54,3,2,2,7,13000,1,5,1,1,5,1,1,0,0,0,0,0,3,5,1,0,0.0,0,0,1.359,loudspeakers,"According to me, celebrating each other's festivals, Eid, Diwali, Christmas, Pongal, all of them. People only meet at weddings and funerals now."
2115,2,2,INT05,2025-02-18,1,52,3,1,2,10,28000,1,5,2,4,3,2,4,0,0,0,0,0,2,3,3,0,0.0,0,0,0.927,drainage,clean surroundings
2116,2,2,INT07,2025-02-18,2,49,3,6,2,5,17000,1,2,2,5,2,4,4,1,0,0,0,0,2,5,3,1,2.0,1,0,1.073,"According to me, every house has two cars now but the lanes are the same width as thirty years ago.",रास्ते सुरक्षित हों तो शाम को भी बाहर निकल सकते हैं।
2117,2,2,INT07,2025-02-18,2,76,2,7,3,4,8500,0,32,3,4,3,4,2,0,0,0,0,0,3,4,2,0,0.0,0,0,1.129,"नालियाँ हमेशा बंद रहती हैं, गंदा पानी सड़क पर आ जाता है।","Classes for tailoring or computers for women, we would get to know each other."
2118,2,1,INT07,2025-02-18,1,24,6,5,1,2,26000,1,2,4,2,2,1,3,0,0,0,0,0,2,,4,1,3.5,0,0,0.644,"Actually we need green space, every inch has been built over.","A proper WhatsApp group for the area where information is shared, not only forwards."
2119,2,2,INT06,2025-02-19,1,,6,1,2,2,117000,0,7,3,4,2,3,3,0,0,0,0,1,4,8,4,1,1.5,0,1,0.957,"Air pollution is very bad, in winter you cannot even see the next building.",Biggest thing is if the municipal office actually responded to complaints I would feel this place is mine. More cultural programmes where families can come together.
2120,2,1,INT06,2025-02-19,1,31,6,3,2,3,44500,0,13,2,1,5,2,1,0,0,0,1,0,1,3,4,1,2.0,0,0,1.542,"The dust from construction is everywhere, everyone has a cough","Corporation kaaj korle loke bharsa pabe. Some kind of welcome for new families, somebody to show them around."
2121,2,1,INT07,2025-02-19,1,46,3,1,2,5,28500,0,29,4,4,3,5,4,0,0,0,0,0,4,4,3,1,1.5,0,0,1.104,Smoke from burning garbage makes breathing difficult in the evening.,"Time hi nahi milta, office aur ghar mein hi din khatam. Pashe ke thake seta jantei parina."
2122,2,1,INT05,2025-02-20,1,35,6,1,2,3,32500,0,9,4,1,4,2,3,0,0,0,0,0,3,8,4,1,1.0,0,0,0.792,"There is still no piped water connection in our lane, only one common tap. Women and children stand in the queue with buckets.",
2123,2,1,INT04,2025-02-21,2,48,3,6,2,4,18000,0,34,3,4,1,1,1,1,0,0,0,0,3,6,3,1,1.0,1,1,1.164,"streetlights, safety",A community hall that anybody can use for functions without paying a lot. In the old days the rowak outside the houses was where everybody met.
2124,2,2,INT04,2025-02-21,1,39,5,3,4,4,60000,0,14,5,5,1,2,5,1,0,0,0,0,4,7,4,1,1.5,0,1,1.898,"Actually garbage is not collected regularly and it piles up at the corner of the road. In the rainy season the smell is unbearable and mosquitoes breed. Also air pollution is very bad, in winter you cannot even see the next building.","See, safe public transport so that I can attend things in the evening. Right now I rush home before dark, so I miss everything. It is not difficult, someone just has to start."
2125,2,2,INT05,2025-02-21,1,48,1,1,2,3,11500,0,13,2,1,4,2,2,1,0,0,1,0,1,1,2,0,0.0,0,0,1.027,"There is no parking, people park on both sides and even an ambulance cannot enter",I already feel connected
2126,2,1,INT04,2025-02-22,1,49,5,1,1,2,29500,1,8,2,2,5,1,3,0,0,0,0,0,3,10,3,1,2.0,0,0,1.45,Rent itna high hai ki PG mein adjust karna padta hai.,"festival time pe sabko invite karna chahiye, sirf apne logon ko nahi. meeting mein sabki baat suni jaaye toh accha hai"
2127,2,1,INT05,2025-02-22,2,46,4,2,2,9,14500,0,39,4,3,3,2,3,0,1,0,1,0,4,6,4,1,1.5,1,1,1.157,"Basically the garbage van comes maybe twice a week, so everyone just dumps it outside.","Frankly speaking, football or cricket tournaments between lanes, the young people would connect. Our club used to run a library but it closed after the old members died."
2128,2,1,INT06,2025-02-22,2,48,3,4,4,3,10000,1,10,3,3,5,1,1,0,0,0,0,0,2,2,3,1,1.5,0,1,0.899,Autos and buses stop anywhere and the whole junction gets blocked. Smoke from burning garbage makes breathing difficult in the evening.,"According to me, more cultural programmes where families can come together. People only meet at weddings and funerals now. Along with that, a youth club with sports and computer classes to keep the boys busy."
2129,2,2,INT04,2025-02-24,2,27,5,1,2,2,19500,1,3,1,1,5,1,1,1,0,0,0,0,1,4,5,1,2.0,1,0,0.777,don't know,If the residents welfare association included tenants and not only owners.
2130,2,1,INT05,2025-02-24,2,44,6,3,1,1,53000,0,26,5,5,2,5,5,1,0,1,1,0,4,7,4,1,2.5,0,1,0.708,I think there is no proper dustbin anywhere in the area. Plus the only open ground was taken for a parking lot.,If the streets were safe to walk at night I would go out and meet people more
2131,2,2,INT06,2025-02-24,2,42,5,1,2,5,38000,0,8,4,4,3,1,3,1,0,0,0,0,3,8,3,1,2.0,0,1,1.3,"The MCD water comes at odd times like five in the morning, so someone has to stay awake to fill the drums. Along with that, autos and buses stop anywhere and the whole junction gets blocked.",Raste alo thakle bhoy kom lagto.
2132,2,2,INT06,2025-02-24,1,32,4,1,2,7,12000,0,10,4,4,4,3,4,1,0,0,0,0,4,9,5,1,2.5,0,1,1.313,"Nobody segregates waste and the panchayat does not enforce anything. My children fell sick with dengue last year. Second thing, lights are there on the main road but not in the inner lanes. Hope this survey helps.","See, a proper WhatsApp group for the block where information is shared, not only forwards."
2133,2,2,INT07,2025-02-24,1,23,5,4,1,5,14000,0,6,3,2,2,3,4,1,1,0,0,0,3,6,5,1,2.5,0,1,1.406,"Traffic is terrible, it takes me 2 hours to go to office and come back.",actually if people were more welcoming to newcomers instead of asking which caste or state we are from. another thing is people should not make fun of our accent or our food
2134,2,2,INT07,2025-02-24,1,79,2,7,2,8,22000,0,47,5,5,3,4,4,0,0,0,0,0,4,6,2,0,0.0,0,1,1.441,"No cleanliness, no playground",I think just knowing the names of my neighbours would be a start.
2135,2,1,INT05,2025-02-25,2,34,3,1,2,1,7000,1,4,2,1,5,3,1,0,0,0,0,0,1,5,4,1,2.5,1,1,1.134,NA,"Frankly speaking, if women were also invited to the meetings and made office bearers. Right now decisions are taken and we are just told to pay. A councillor who comes and listens, not only during elections."
2136,2,2,INT06,2025-02-26,2,34,4,6,2,6,20500,1,4,2,3,4,1,2,0,0,0,0,0,3,1,3,1,1.5,1,0,1.684,Cannot say,महिलाओं के लिए कोई समूह हो तो मिलना-जुलना होगा।
2137,2,2,INT07,2025-02-26,1,53,1,3,2,7,13000,1,5,2,2,5,3,2,0,0,0,0,0,2,5,2,1,1.5,0,0,0.817,not safe at night,working MCD
2138,2,1,INT05,2025-02-27,2,41,3,2,2,4,16000,0,15,2,3,5,9,2,0,0,0,0,1,3,5,3,0,0.0,1,1,0.742,Men drink openly near the empty plot and women avoid that road.,"Political parties should stop dividing the colony for votes. My best friend growing up was from a different community and nobody minded. Another thing is shorter travel to work, then weekends would not be only for rest. Sunday is the only day and that goes in household work. Then people would trust each other more."
2139,2,1,INT04,2025-02-28,1,36,4,1,2,4,78500,0,8,2,4,2,3,5,1,0,0,0,0,3,8,4,1,1.5,0,0,0.845,"There is still no piped water connection in our lane, only one common tap. Another thing is the dust from construction is everywhere, everyone has a cough.",मोहल्ले में त्योहार मिलकर मनाएँ तो अच्छा लगेगा।
2140,2,2,INT06,2025-02-28,2,28,5,1,2,4,50000,0,20,2,2,3,8,3,0,1,1,0,0,2,8,5,1,2.5,1,0,0.906,"Mainly safety at night is the biggest issue, especially for working women coming back late. Also the borewell went dry last summer and the tanker people charge whatever they like.","to be honest, cctv and a local help desk would make people feel secure to step out. on top of that, more cultural programmes where families can come together"
2141,2,1,INT06,2025-02-28,3,24,6,3,2,5,63500,0,12,3,3,5,2,3,0,0,0,0,0,2,6,5,1,3.0,1,1,0.843,"For me, the dust from construction is everywhere, everyone has a cough. Schools were shut for a week in November because of the smog. Something should be done.","no discrimination, safer streets"
2142,2,2,INT06,2025-02-28,2,40,5,6,2,6,15500,0,28,3,4,5,2,4,1,0,0,0,0,3,7,5,1,2.5,0,1,1.148,"poor lighting on the approach road makes it scary after sunset. people use their phone torch to walk home. second thing, men drink openly near the empty plot and women avoid that road. last september a girl from our building was followed home",Mahila mandal meetings in the afternoon when we are free from housework. Most women here only meet at the water tap. If the streets were safe to walk at night I would go out and meet people more.
2143,2,1,INT07,2025-02-28,2,37,5,1,2,2,44000,1,6,4,5,4,3,3,1,1,0,0,0,3,4,3,1,0.5,0,0,0.69,"For me, the main road is always jammed because of the metro work.","A park or common place where people can sit and talk in the evening. Second thing, fair rent agreements so that we are not thrown out suddenly."
2144,2,1,INT07,2025-02-28,2,55,3,2,4,3,18000,0,20,4,5,3,4,4,0,0,0,0,1,3,9,2,0,0.0,0,1,0.811,Biggest thing is kids are stuck indoors on phones because there is no place to play.,"Basically more trust between people, now everyone keeps to themselves. If people stopped discriminating and treated everyone equally."
3001,3,2,INT10,2025-02-03,1,46,3,1,2,6,27000,1,3,2,4,5,3,3,0,0,0,0,0,3,6,4,1,0.5,1,0,1.285,no playground,Jaat-paat chhod ke sabko barabar dekhna chahiye. More cultural programmes where families can come together.
3002,3,2,INT09,2025-02-04,1,37,6,3,2,5,25500,0,19,3,4,4,3,4,1,1,1,1,0,3,7,4,1,1.5,0,0,1.158,"See, waterlogging in monsoon is the biggest problem, children cannot go to school.",cultural programmes
3003,3,1,INT10,2025-02-04,1,26,6,1,1,4,26000,1,9,3,3,3,1,2,0,1,0,0,0,2,5,4,1,4.5,0,0,1.389,"Traffic is terrible, it takes me 4 hours to go to office and come back.","Festival time pe sabko invite karna chahiye, sirf apne logon ko nahi."
3004,3,1,INT10,2025-02-04,1,24,6,5,1,3,21500,1,7,3,2,4,3,2,0,0,0,0,0,3,8,4,1,1.5,0,0,1.088,Actually public toilets are dirty and there are not enough of them. In the rainy season the smell is unbearable and mosquitoes breed. It has become worse in the last few years.,Something for teenagers to do in the evening other than sitting on the phone.
3005,3,1,INT10,2025-02-04,2,48,5,6,2,5,33000,1,1,4,4,4,4,3,0,1,0,0,0,2,7,5,0,0.0,0,0,0.869,Old people have nowhere to walk in the evening. The one park is used by people to drink at night.,Meeting mein sabki baat suni jaaye toh accha hai.
3006,3,1,INT08,2025-02-05,1,37,2,3,2,3,43000,1,8,2,2,4,2,1,0,0,0,0,0,2,7,3,1,2.0,1,0,0.619,Old houses are being demolished for flats and people like us are being pushed out.,"For me, if people stopped discriminating and treated everyone equally. My best friend growing up was from a different community and nobody minded."
3007,3,1,INT08,2025-02-05,2,45,4,6,2,8,31000,1,6,1,2,5,1,1,0,0,0,0,0,2,7,3,1,2.0,0,0,1.017,नौजवानों के लिए कोई काम नहीं है।,Safe public transport so that I can attend things in the evening. My mother will only let me go if my brother comes along.
3008,3,1,INT08,2025-02-05,2,47,4,6,2,7,29000,1,13,2,4,3,3,3,0,0,0,0,0,4,5,3,0,0.0,1,0,0.952,"The lane to the station is dark and lonely, I always call someone while walking. Even in daytime some stretches feel unsafe. Apart from that, the streetlight in front of our house has been broken for 15 years. It has become worse in the last few years.",Basically a community hall that anybody can use for functions without paying a lot. In the old days the rowak outside the houses was where everybody met. Then people would trust each other more
3009,3,2,INT09,2025-02-05,2,41,1,6,1,6,16000,1,2,2,2,3,3,2,0,0,0,0,0,3,5,4,0,0.0,1,0,0.838,Safety for women,Festivals together
3010,3,1,INT10,2025-02-05,1,48,6,2,1,1,45500,1,15,4,4,2,3,3,0,0,0,0,0,3,8,3,1,2.5,1,1,0.884,The only open ground was taken for a parking lot. My grandchildren play in the corridor of the building.,"to be honest, if people greeted each other and stopped judging tenants. also less division by religion and caste, we were never like this before"
3011,3,1,INT08,2025-02-06,2,40,1,2,2,8,16000,0,18,1,3,2,3,3,1,1,0,0,0,4,7,3,0,0.0,0,0,0.679,housing,if we celebrated festivals together as one society instead of separately
3012,3,1,INT08,2025-02-06,1,35,3,1,2,6,24000,0,10,3,2,5,4,4,1,0,0,1,0,1,7,4,1,2.5,0,0,1.055,Ager moto adda ar hoy na. We have moved three times in 5 years because of rent increases.,Not interested
3013,3,2,INT08,2025-02-06,1,27,2,3,1,6,16000,1,10,2,3,5,2,3,0,0,0,0,0,2,3,3,1,4.5,0,0,2.209,The only open ground was taken for a parking lot.,Don't know
3014,3,2,INT09,2025-02-06,2,56,5,3,2,5,999999,0,21,5,5,2,4,4,0,1,0,0,0,3,8,3,1,1.5,0,1,0.921,Getting enough clean water for the family is the main struggle. Last October we bought water cans every single day. Another thing is drainage is so bad that the lane smells all year round. Otherwise it is a nice place to live.,"Basically if the streets were safe to walk at night I would go out and meet people more. Right now I rush home before dark, so I miss everything. Plus community events on weekends when working people are free. Second thing, a small library or reading room where young and old can meet. Then people would trust each other more."
3015,3,2,INT09,2025-02-06,2,52,3,1,3,8,49500,1,4,4,5,3,2,3,1,0,0,1,0,2,4,3,0,0.0,0,0,1.041,"Honestly, even one hour of heavy rain and the lane is flooded for two days. Office people cannot go to work and daily wage workers lose income.","for me, benches and a walking track, that is where you actually meet neighbours. the tea stall is the only place where people chat now"
3016,3,1,INT10,2025-02-06,2,55,2,5,2,4,31500,1,2,3,2,5,2,2,1,0,0,0,0,4,4,3,0,0.0,0,0,1.105,monsoon flooding,nothing really
3017,3,1,INT08,2025-02-07,1,24,6,5,2,4,89000,0,4,3,2,3,2,1,0,0,0,0,0,3,10,5,1,5.5,0,0,0.851,"Housing is too expensive, young couples cannot afford to live near their parents.",nothing really
3018,3,2,INT08,2025-02-07,2,35,4,5,2,6,20500,0,7,3,4,4,4,2,1,1,0,0,0,4,5,3,1,0.5,0,1,1.204,"Frankly speaking, landlords do not rent to bachelors or to people from other states","a community hall that anybody can use for functions without paying a lot. the tea stall is the only place where people chat now. honestly, more time. i leave at seven and come back at ten, there is no time to connect"
3019,3,1,INT09,2025-02-07,2,23,4,1,1,4,30000,1,6,2,2,4,3,1,0,0,0,0,0,3,5,4,1,5.5,1,1,0.903,Nobody segregates waste and the BMC does not enforce anything.,
3020,3,1,INT09,2025-02-07,1,85,3,7,2,3,12500,0,68,3,4,3,1,4,1,0,1,1,0,2,5,2,0,0.0,0,1,1.476,"Biggest thing is there is no community hall or common place where people can meet. On top of that, in November the water came up to our doorstep and ruined the furniture.","Someone to check on elderly people who live alone. All our children are abroad or in other cities, we are alone. That is what I feel."
3021,3,1,INT10,2025-02-07,1,23,4,5,1,2,24000,0,12,1,2,4,3,4,0,0,1,0,0,3,6,3,1,6.0,0,1,0.684,Basically the low-lying part of the area floods every year and nobody plans for it. Snakes and dirty water come inside the house.,"Our building WhatsApp group helped during the floods, one for the whole area would be useful."
3022,3,1,INT10,2025-02-07,2,32,3,4,2,8,38000,0,2,3,5,3,2,3,0,0,0,0,0,4,7,3,1,1.5,0,1,0.819,"Pollution itna hai ki saans lena mushkil hai. Borshay rastay jol jome jay, hatu obdhi jol.",A park
3023,3,1,INT08,2025-02-08,1,42,2,1,2,6,23000,1,3,4,2,5,1,1,1,0,0,0,0,2,6,4,0,0.0,0,0,0.895,don't know,"According to me, neighbours helping each other in emergencies, like it used to be. Less division by religion and caste, we were never like this before."
3024,3,1,INT09,2025-02-08,2,31,5,6,2,7,30000,1,14,1,1,5,1,1,0,0,0,0,0,2,3,4,1,1.5,1,0,0.804,"The main road is always jammed because of the metro work. Second thing, waterlogging in monsoon is the biggest problem, children cannot go to school.",If we celebrated festivals together as one society instead of separately. People only meet at weddings and funerals now. Then people would trust each other more.
3025,3,1,INT09,2025-02-08,2,45,5,6,2,5,23000,0,14,3,2,4,4,3,1,0,0,0,0,2,6,2,1,2.0,0,1,0.789,"Safety at night is the biggest issue, especially for working women coming back late. My husband has to come to the bus stop to pick me up.",Cannot say
3026,3,1,INT10,2025-02-08,1,51,4,1,2,4,46500,0,12,3,5,4,4,4,1,1,0,1,0,2,6,3,1,2.0,0,1,0.842,"Two-wheelers drive on the footpath, so walking is dangerous for old people.","neighbours helping each other in emergencies, like it used to be"
3027,3,1,INT08,2025-02-10,1,70,6,7,2,4,104500,1,4,2,3,5,1,3,0,0,0,1,0,2,6,3,1,1.5,0,1,0.949,Landlords do not rent to bachelors or to people from other states,More cultural programmes where families can come together. People only meet at weddings and funerals now.
3028,3,1,INT08,2025-02-10,2,22,1,4,1,7,21000,0,12,2,2,5,2,1,0,0,0,0,0,3,2,2,1,3.5,1,0,1.307,Baarish mein poora area paani mein doob jaata hai. There is no proper dustbin anywhere in the society.,"Fair rent agreements so that we are not thrown out suddenly. On top of that, safe public transport so that I can attend things in the evening."
3029,3,1,INT09,2025-02-10,3,57,5,1,1,4,17500,0,40,2,4,4,4,3,0,0,0,0,0,3,6,3,0,0.0,0,1,0.962,The only open ground was taken for a parking lot. The one park is used by people to drink at night. It is the same story every year.,"To be honest, people should not make fun of our accent or our food."
3030,3,1,INT09,2025-02-10,1,21,5,5,1,3,43500,1,3,3,1,3,2,2,0,0,1,0,0,1,6,3,1,2.0,0,0,1.002,The marriage hall next door plays music till two in the morning.,"mainly owning a house, even a small one. as a tenant you always feel temporary"
3031,3,2,INT10,2025-02-10,2,25,3,6,1,2,13500,1,6,4,3,4,8,4,0,0,0,0,0,2,5,5,1,2.0,0,0,1.433,"see, loudspeakers during every function and procession, nobody can sleep. my father has high blood pressure and the noise makes it worse",Just knowing the names of my neighbours would be a start. When my father was in hospital not a single neighbour asked. Regular meetings where ordinary people can raise problems and actually be heard.
3032,3,1,INT08,2025-02-11,1,85,4,7,4,1,36500,1,5,3,3,4,4,2,0,1,0,0,0,3,5,3,0,0.0,1,1,0.706,"For me, rents are going up every year and the landlord asks for 500 rupees more each time.","Honestly, if women were also invited to the meetings and made office bearers."
3033,3,1,INT08,2025-02-11,2,46,4,1,2,3,22500,1,1,2,4,3,1,3,0,0,0,1,0,3,7,4,1,2.0,0,1,0.861,"honestly, men drink openly near the empty plot and women avoid that road","Honestly, more time. I leave at seven and come back at ten, there is no time to connect. Sunday is the only day and that goes in household work."
3034,3,1,INT08,2025-02-11,1,44,4,2,2,3,30500,0,29,5,4,3,3,5,1,0,0,0,0,3,10,3,1,5.0,0,1,0.818,flooding in monsoon,"A common puja or utsav where everyone contributes, not only the committee. People only meet at weddings and funerals now. Also neighbours helping each other in emergencies, like it used to be. When my father was in hospital not a single neighbour asked."
3035,3,1,INT08,2025-02-11,1,35,5,3,2,2,81500,0,27,5,4,2,2,5,1,1,1,0,0,3,7,3,1,0.5,0,0,0.835,"The deposit they ask is ten months of rent, which ordinary people cannot pay. Many families who lived here for decades have left for the outskirts. It is the same story every year.","According to me, more cultural programmes where families can come together."
3036,3,1,INT09,2025-02-11,1,68,3,1,2,7,29000,0,34,4,3,1,4,3,1,1,1,0,0,4,6,2,0,0.0,0,0,1.592,"housing is too expensive, young couples cannot afford to live near their parents",i think fair rent agreements so that we are not thrown out suddenly. tenants are never seen as real members of the area. plus a small library or reading room where young and old can meet. the tea stall is the only place where people chat now
3037,3,1,INT10,2025-02-11,1,69,1,7,4,6,3000,0,19,3,4,5,2,8,0,1,0,0,0,3,5,1,0,0.0,0,0,0.951,नगर निगम वाले बिना पैसे के कोई काम नहीं करते।,If we planted trees together and looked after them as a group
3038,3,1,INT10,2025-02-11,2,23,3,5,1,1,35500,1,6,4,5,5,4,5,0,0,0,0,0,3,7,5,1,2.5,0,0,0.759,Bina paise ke koi kaam nahi hota.,I already feel connected
3039,3,1,INT09,2025-02-12,2,47,6,6,2,2,155500,0,7,8,4,2,5,4,0,0,0,0,0,4,6,3,1,4.0,1,1,0.805,"According to me, lights are there on the main road but not in the inner lanes. We complained on the BMC app but the complaint just closed by itself. Second thing, even one hour of heavy rain and the lane is flooded for two days. Something should be done.",Don't know
3040,3,1,INT08,2025-02-13,1,54,4,3,2,6,51000,1,12,3,2,3,2,3,0,0,1,0,0,2,4,2,1,0.5,1,0,0.941,Most important is contracts go to relatives of the party people.,
3041,3,1,INT09,2025-02-14,1,50,4,4,2,4,16500,0,25,4,4,2,2,4,0,0,1,1,0,4,6,3,1,2.0,0,1,1.005,"Kiraya har saal badh jaata hai, salary utni nahi badhti.","A common puja or utsav where everyone contributes, not only the committee. During the pandemic we cooked for each other and it felt like one family. Plus benches and a walking track, that is where you actually meet neighbours. The tea stall is the only place where people chat now. Then it would feel like home."
3042,3,1,INT09,2025-02-14,1,55,6,2,2,3,36500,1,9,3,1,4,1,5,0,0,0,0,0,2,6,3,1,1.5,0,1,1.081,Mainly public toilets are dirty and there are not enough of them. We tried collecting money for a private cleaner but it stopped after two months.,a park
3043,3,1,INT09,2025-02-14,2,22,4,5,2,1,27000,1,4,2,2,4,3,3,0,0,0,0,0,3,6,5,1,1.0,0,0,1.175,Actually the only open ground was taken for a parking lot.,"Regular get-togethers, even a monthly potluck would help. When I was a child the whole area would sit together for the puja bhog. Apart from that, if the Corporation actually responded to complaints I would feel this place is mine. Participatory budgeting like some cities have tried would be good."
3044,3,1,INT08,2025-02-17,2,23,3,6,1,3,38500,1,6,4,1,4,2,2,0,0,1,0,0,3,8,3,0,0.0,0,0,0.947,NA,
3045,3,1,INT08,2025-02-17,2,75,3,6,4,4,29500,0,29,3,4,3,3,2,0,0,0,1,1,3,4,3,0,0.0,0,1,0.65,"constant honking, the noise is too much for elderly people. students cannot study during exam time. something should be done",most important is a laughter club or a bhajan group for older people
3046,3,1,INT08,2025-02-17,1,20,1,1,1,2,23000,0,11,3,3,8,3,4,0,0,0,0,0,4,6,3,1,1.5,0,0,0.983,Housing,open RWA meetings
3047,3,1,INT08,2025-02-17,1,30,5,1,2,3,23500,0,14,8,4,2,2,2,0,0,0,1,0,3,6,4,0,0.0,0,0,0.867,"Frankly speaking, sanitation is very poor, the sweepers hardly come to our side. The vat near the market overflows every day. That is all.",If the municipal ward office actually responded to complaints I would feel this place is mine. Also regular meetings where ordinary people can raise problems and actually be heard.
3048,3,2,INT09,2025-02-17,2,38,4,3,1,3,16000,0,17,3,3,2,4,5,0,0,0,0,0,3,4,4,0,0.0,0,0,1.115,waterlogging,If we planted trees together and looked after them as a group. Once we cleaned the pond together and people still talk about that day.
3049,3,2,INT09,2025-02-17,2,38,3,2,2,7,14500,0,7,4,3,2,1,2,0,0,0,1,0,4,8,3,1,0.5,0,1,1.917,"Raate eka pheray bhoy lage, rasta ekdom andhokar.","According to me, a common puja or utsav where everyone contributes, not only the committee."
3050,3,1,INT09,2025-02-17,1,48,4,1,4,5,27000,0,10,3,4,4,1,2,0,0,0,0,0,3,5,4,0,0.0,0,1,1.324,"Signal pe hi aadha din nikal jaata hai, yaar.",I already feel connected
3051,3,2,INT09,2025-02-17,2,26,4,1,1,4,35000,1,6,2,2,4,2,2,0,0,0,0,0,2,6,5,1,1.5,0,0,1.32,In June the water came up to our doorstep and ruined the furniture.,"responsive councillor, safer streets"
3052,3,1,INT10,2025-02-17,1,30,5,1,1,3,11500,1,13,5,4,2,3,4,1,1,0,0,0,3,7,4,1,3.0,0,1,0.722,"Potholes and traffic together make the daily commute a nightmare. There are fights over parking almost every week. Apart from that, there is still no piped water connection in our lane, only one common tap.","Basically football or cricket tournaments between lanes, the young people would connect."
3053,3,1,INT08,2025-02-18,2,36,2,6,2,4,37000,0,10,8,1,4,2,2,0,0,1,0,1,3,6,5,1,2.5,0,0,1.213,बारिश में पूरी गली में पानी भर जाता है।,I already feel connected
3054,3,2,INT09,2025-02-18,1,22,5,1,1,3,999999,1,5,2,4,4,3,1,0,0,0,0,0,2,7,4,1,4.5,0,1,2.213,"Factories around here have closed, so there is no local employment. My nephew has been preparing for government exams for 2 years.","To be honest, transparency in how ward funds are spent, maybe a notice board. Most of our energy goes in fighting for basic things. Along with that, our building WhatsApp group helped during the floods, one for the whole area would be useful. It is not difficult, someone just has to start."
3055,3,2,INT09,2025-02-18,2,85,3,7,4,5,60500,1,10,4,5,4,2,3,1,1,0,0,0,4,5,3,0,0.0,0,1,1.642,I think we depend on tankers for drinking water and they charge 600 rupees a trip. Plus the only open ground was taken for a parking lot.,Not interested
3056,3,2,INT10,2025-02-18,2,,1,6,2,7,36500,0,33,3,3,4,3,5,1,0,1,0,0,4,6,4,0,0.0,0,0,1.641,,festivals together
3057,3,1,INT10,2025-02-19,2,20,3,6,1,4,50500,0,10,3,3,4,2,1,1,0,1,0,0,3,7,4,1,2.0,0,0,0.997,"according to me, tap water is yellowish and smells, so we boil it or buy cans. without a water purifier you cannot drink it","If we celebrated festivals together as one society instead of separately. Another thing is if working hours were normal I would join things, now I am always tired."
3058,3,2,INT10,2025-02-19,1,33,6,1,2,5,45000,1,16,2,2,3,2,2,0,0,0,1,0,3,7,3,1,1.5,0,0,1.519,"Frankly speaking, the only open ground was taken for a parking lot. When I was young we played cricket in the field that is now a mall. And we depend on tankers for drinking water and they charge 3000 rupees a trip. My mother spends half her morning just arranging water. That is all.",WhatsApp group
3059,3,1,INT10,2025-02-19,1,23,5,5,1,3,13500,1,6,2,3,5,1,2,1,0,0,0,0,2,5,5,1,1.5,0,1,1.071,"see, most of the streetlights do not work, the lane is completely dark at night. people use their phone torch to walk home. apart from that, diesel trucks pass all night and the air is black",Stable rent
3060,3,1,INT10,2025-02-19,1,68,3,6,4,6,17500,0,22,3,4,2,2,4,0,0,0,0,0,3,6,2,0,0.0,0,1,1.269,"Nobody organises anything for the society, so we do not know our neighbours. The puja committee is now run by a few people only. Otherwise it is a nice place to live.","Frankly speaking, some kind of welcome for new families, somebody to show them around."
3061,3,1,INT09,2025-02-20,2,21,3,5,1,2,48500,0,9,3,4,3,4,4,0,0,0,1,0,3,10,4,1,2.0,0,0,1.091,eve teasing,"Celebrating each other's festivals, Eid, Diwali, Christmas, Pongal, all of them."
3062,3,1,INT08,2025-02-21,1,24,5,5,2,4,34500,1,3,4,3,4,8,2,1,1,0,1,0,2,6,5,1,5.0,0,0,1.268,"Jol thik moto ase na, pressure khub kom.",Basically an app or group where we can report problems together and follow up. Right now the group is only used for complaints about parking. Then people would trust each other more.
3063,3,2,INT08,2025-02-21,2,33,2,3,2,4,11000,0,14,4,3,2,3,4,0,0,0,0,0,4,6,3,1,1.5,1,0,1.274,"no regular water, rising rents",a laughter club or a bhajan group for older people
3064,3,1,INT08,2025-02-21,2,45,4,6,2,2,21000,1,4,3,3,3,3,2,1,0,0,0,0,2,7,2,1,0.5,0,1,1.045,NA,"A ward committee that meets every month and shares what the Corporation is doing. Apart from that, classes for tailoring or computers for women, we would get to know each other."
3065,3,1,INT09,2025-02-21,1,40,3,1,2,5,52000,1,4,4,4,3,2,2,0,0,0,0,0,3,4,5,1,1.0,0,0,0.865,Mainly during the monsoon the whole road goes under knee-deep water. The municipal ward office pumps come only after the water has already gone down. Please do something about it.,
3066,3,1,INT10,2025-02-21,1,37,1,1,2,6,31000,1,3,3,3,5,1,2,0,0,0,0,0,1,4,3,1,2.5,1,0,0.928,i think smoke from burning garbage makes breathing difficult in the evening,"Samiti-te bharatiyader o dake na, sudhu malik ra."
3067,3,1,INT08,2025-02-22,1,56,6,3,2,5,66500,0,29,5,5,1,5,5,1,0,0,1,0,4,5,4,0,0.0,0,1,1.063,,Mainly if we celebrated festivals together as one area instead of separately.
3068,3,2,INT10,2025-02-22,2,35,6,1,2,5,71500,0,9,4,3,4,2,3,0,1,0,0,0,3,6,4,1,2.5,0,1,1.16,Boys sit near the paan shop at night and pass comments on girls.,If people stopped discriminating and treated everyone equally.
3069,3,1,INT10,2025-02-22,1,84,4,7,2,8,10000,0,57,4,5,2,4,4,0,0,0,0,0,4,6,3,0,0.0,0,1,0.788,Rents are going up every year and the landlord asks for 1000 rupees more each time. Our landlord gave us one month notice to vacate. New flats have brought people who do not mix with anyone in the area. The rest is okay.,Nothing
3070,3,1,INT08,2025-02-23,2,33,4,2,2,3,48500,1,6,3,1,5,2,2,0,0,0,0,0,3,2,3,1,2.5,1,0,1.066,,"According to me, respect for all communities, the young people are being poisoned by social media. Another thing is affordable housing near work so that families can settle in one place."
3071,3,2,INT08,2025-02-24,2,31,5,1,1,3,29500,1,14,3,2,1,3,3,0,1,0,0,0,3,6,3,1,2.0,0,0,1.264,"water shortage, monsoon flooding","Safe public transport so that I can attend things in the evening. Right now I rush home before dark, so I miss everything. Apart from that, honestly, more time. I leave at seven and come back at ten, there is no time to connect."
3072,3,1,INT09,2025-02-24,1,66,6,1,2,4,20000,1,8,4,4,4,1,4,0,0,1,0,0,2,7,3,1,0.5,0,0,0.81,We have moved three times in 2 years because of rent increases.,Affordable housing near work so that families can settle in one place.
3073,3,1,INT09,2025-02-24,2,66,5,7,2,4,23000,1,4,2,3,4,3,3,0,0,0,1,0,2,5,2,0,0.0,1,1,0.596,"Language is a barrier, the older families do not accept people who do not speak the local language.","Basically someone to check on elderly people who live alone. All our children are abroad or in other cities, we are alone. Second thing, affordable housing near work so that families can settle in one place. That would make a big difference."
3074,3,1,INT09,2025-02-24,2,30,5,1,2,4,43500,0,13,4,4,4,8,2,0,0,0,0,0,1,4,4,1,1.0,1,0,0.511,streetlights,"According to me, if the residents welfare association included tenants and not only owners. On top of that, transparency in how ward funds are spent, maybe a notice board."
3075,3,1,INT09,2025-02-24,2,41,6,6,3,2,200000,0,13,4,3,4,1,2,0,0,0,0,0,3,7,4,1,6.0,0,1,0.971,Actually water enters the ground floor houses every rainy season.,"friendly neighbours, safer streets"
3076,3,2,INT09,2025-02-24,2,33,5,1,2,5,21500,0,14,1,3,4,2,3,0,0,0,0,0,3,3,3,1,3.5,1,0,1.466,"We need green space, every inch has been built over. When I was young we played cricket in the field that is now a mall. On top of that, waterlogging in monsoon is the biggest problem, children cannot go to school. The Corporation pumps come only after the water has already gone down. That is all.","Transparency in how ward funds are spent, maybe a notice board"
3077,3,2,INT09,2025-02-24,1,49,2,1,2,10,10000,1,2,2,2,5,1,4,0,0,0,0,0,2,5,3,0,0.0,0,0,1.467,"Two-wheelers drive on the footpath, so walking is dangerous for old people",sports for kids
3078,3,1,INT10,2025-02-24,2,75,3,1,4,5,45500,0,53,4,5,3,8,5,0,0,1,0,0,2,,3,0,0.0,0,1,0.745,"There is no park or playground, children play on the road. The one park is used by people to drink at night. Another thing is landlords do not rent to bachelors or to people from other states. Many families who lived here for decades have left for the outskirts.",mainly a park or common place where people can sit and talk in the evening
3079,3,2,INT10,2025-02-24,2,32,3,6,2,9,24000,0,7,4,2,5,3,2,0,0,0,0,0,2,8,4,1,2.5,0,0,1.402,traffic jam,"See, neighbours helping each other in emergencies, like it used to be."
3080,3,1,INT10,2025-02-24,2,43,3,6,2,5,15000,1,9,3,4,4,2,3,0,0,0,0,0,2,3,4,1,2.5,1,0,0.849,NA,"Honestly, sports day or a small fair for the children would bring people out of their homes."
3081,3,1,INT08,2025-02-25,2,37,4,3,2,3,24500,0,5,2,3,3,3,9,0,0,0,0,0,3,7,3,1,3.0,0,1,0.714,"garbage ka bahut issue hai, safai wala roz nahi aata","If people greeted each other and stopped judging tenants. When my father was in hospital not a single neighbour asked. Another thing is fair rent agreements so that we are not thrown out suddenly. It is not difficult, someone just has to start."
3082,3,1,INT08,2025-02-25,1,31,5,1,2,5,38000,1,2,3,3,1,1,3,0,0,0,0,0,3,7,3,1,3.0,1,0,1.154,People throw waste in the open plot next to our building and it stinks. In the rainy season the smell is unbearable and mosquitoes breed.,"honestly, more time. i leave at seven and come back at ten, there is no time to connect"
3083,3,1,INT08,2025-02-25,1,39,4,3,1,5,46000,0,6,3,5,3,2,3,0,0,0,0,0,4,7,4,1,2.5,1,1,1.066,No parks,"Honestly, more time. I leave at seven and come back at ten, there is no time to connect."
3084,3,1,INT10,2025-02-25,2,57,3,6,2,4,22500,1,4,1,2,4,2,3,1,0,0,0,0,2,6,3,1,1.0,0,1,1.495,Rents are going up every year and the landlord asks for 1500 rupees more each time.,"If people stopped discriminating and treated everyone equally. Now even the tea stall conversations have become tense. Second thing, a cleanliness drive where everyone participates, owners and tenants together. Once we cleaned the pond together and people still talk about that day. Then people would trust each other more."
3085,3,1,INT10,2025-02-26,2,34,3,1,3,5,22500,1,1,3,5,4,2,2,0,0,0,0,0,2,6,3,1,3.0,0,0,0.737,किराया हर साल बढ़ जाता है।,"Neighbours helping each other in emergencies, like it used to be."
3086,3,2,INT10,2025-02-26,1,41,2,3,2,3,23000,1,10,3,3,4,3,4,1,0,0,0,0,4,7,3,1,0.5,0,0,1.05,The borewell went dry last summer and the tanker people charge whatever they like.,"The association should be run democratically, not by the same two families. I went once but nobody listened to what I said. Also a community hall that anybody can use for functions without paying a lot."
3087,3,1,INT10,2025-02-26,1,85,2,7,4,7,18000,1,13,4,5,2,4,4,0,0,0,0,1,4,5,2,0,0.0,0,0,0.757,"Basically constant honking, the noise is too much for elderly people. My father has high blood pressure and the noise makes it worse. Housing is too expensive, young couples cannot afford to live near their parents.","More trust between people, now everyone keeps to themselves. My neighbour aunty sends food sometimes and that is the only connection I have. That is what I feel"
3088,3,2,INT10,2025-02-26,2,47,2,3,2,6,9000,0,7,3,4,3,3,1,0,0,0,0,0,1,4,3,0,0.0,0,0,1.619,"The garbage van comes maybe twice a week, so everyone just dumps it outside. My children fell sick with dengue last year. Along with that, men drink openly near the empty plot and women avoid that road.",Safety
3089,3,2,INT08,2025-02-27,2,32,6,3,2,5,46500,1,15,3,3,2,2,2,1,1,0,1,0,3,7,4,1,2.0,0,1,1.298,blocked drains,"Basically some kind of welcome for new families, somebody to show them around. Along with that, safe public transport so that I can attend things in the evening."
3090,3,1,INT08,2025-02-28,2,42,1,6,2,5,5000,1,11,3,4,4,3,4,0,0,0,0,0,2,2,4,0,0.0,0,0,0.665,"Honestly, public toilets are dirty and there are not enough of them. My children fell sick with dengue last year. And kids are stuck indoors on phones because there is no place to play. Water pressure is so low that the upper floors get nothing at all. Without a water purifier you cannot drink it. The rest is okay.","More trust between people, now everyone keeps to themselves."
3091,3,1,INT08,2025-02-28,2,53,5,1,2,4,34500,0,15,4,2,5,4,3,1,0,1,0,1,4,5,2,1,1.5,0,1,0.99,"Traffic is terrible, it takes me 3 hours to go to office and come back. I spend more time on the road than with my family. It is the same story every year.","mainly classes for tailoring or computers for women, we would get to know each other. most women here only meet at the water tap"
3092,3,1,INT10,2025-02-28,2,54,5,1,3,3,46000,0,34,5,5,1,4,4,1,0,1,0,0,3,9,4,1,1.0,0,0,1.237,Water enters the ground floor houses every rainy season,a place where women can come together without needing permission from anyone
3093,3,1,INT08,2025-03-01,1,31,6,1,2,7,65000,0,13,4,5,1,4,3,1,0,0,0,0,4,4,4,1,3.5,0,0,0.709,"See, corruption in local services, the councillor only helps his own people.",Don't know
3094,3,1,INT08,2025-03-01,1,27,5,1,2,8,85000,0,12,4,4,2,4,4,1,0,1,0,0,3,6,4,1,1.5,0,1,1.09,Mainly the only open ground was taken for a parking lot. Plus the marriage hall next door plays music till two in the morning.,"Shorter travel to work, then weekends would not be only for rest. And coaching or skill training centre for the young people of the area."
3095,3,1,INT08,2025-03-01,2,41,4,6,2,7,38000,0,21,3,5,3,2,4,0,0,0,0,0,4,7,3,1,1.0,0,0,0.938,"Water supply is very irregular, sometimes we get it for only one hour in the morning.","A women's group or self-help group where we can meet and also earn something. Our self-help group gave me friends and some savings. Second thing, a park or common place where people can sit and talk in the evening."
3096,3,1,INT08,2025-03-01,2,52,4,6,2,3,35000,0,24,4,4,5,3,4,0,0,0,0,0,4,6,3,1,4.5,0,0,0.588,There is always the fear of eviction because nobody has a proper agreement,"Classes for tailoring or computers for women, we would get to know each other. Our self-help group gave me friends and some savings. Along with that, community events on weekends when working people are free. Also if people greeted each other and stopped judging tenants."
3097,3,2,INT09,2025-03-01,2,48,2,6,2,7,19500,1,2,4,4,3,2,3,0,0,0,0,0,3,7,4,0,0.0,0,0,1.067,"There is still no piped water connection in our lane, only one common tap.","Basic services working properly, water, roads and lights, then people have time for each other."
3098,3,1,INT09,2025-03-01,1,85,5,1,2,3,24500,0,64,4,4,4,2,3,1,1,0,0,0,3,6,4,0,0.0,1,1,0.965,"For me, autos and buses stop anywhere and the whole junction gets blocked. My son missed his exam once because the bus was stuck for an hour.",shorter commute
3099,3,1,INT10,2025-03-01,1,24,1,5,1,5,21500,0,5,2,2,4,2,3,0,1,0,0,0,4,9,5,0,0.0,0,1,1.067,"the deposit they ask is ten months of rent, which ordinary people cannot pay",
3100,3,2,INT10,2025-03-01,1,63,2,7,2,6,27500,0,39,5,5,2,8,3,0,1,1,1,0,3,7,3,0,0.0,0,1,0.925,Rents are going up every year and the landlord asks for 1500 rupees more each time. Half my salary goes on rent. The rest is okay.,if people were more welcoming to newcomers instead of asking which caste or state we are from
3101,3,1,INT08,2025-03-02,1,45,4,1,1,3,51000,0,16,4,3,4,3,5,1,0,0,0,0,3,7,3,1,0.5,0,1,0.992,"The park we have is locked most of the time and full of weeds. When I was young we played cricket in the field that is now a mall. Most of the streetlights do not work, the lane is completely dark at night.","For me, a proper playground, the children will play together and the parents will also meet. Also a local office where you can go without a middleman."
3102,3,2,INT08,2025-03-03,1,28,5,1,2,3,29500,1,1,3,2,3,2,9,0,0,0,0,0,1,3,2,1,2.5,1,1,1.161,"To be honest, unemployment among young people is the main problem, it leads to drinking and fights. Some of them fall into bad company.","If women were also invited to the meetings and made office bearers. Right now decisions are taken and we are just told to pay. On top of that, benches and a walking track, that is where you actually meet neighbours. It is not difficult, someone just has to start"
3103,3,2,INT08,2025-03-03,1,26,4,4,1,6,20500,0,14,4,5,3,4,3,1,0,0,1,0,4,8,4,1,1.5,0,0,1.364,ट्रैफिक और पार्किंग की बहुत समस्या है।,"Biggest thing is football or cricket tournaments between lanes, the young people would connect. Celebrating each other's festivals, Eid, Diwali, Christmas, Pongal, all of them."
3104,3,1,INT08,2025-03-03,1,58,4,3,4,4,41000,0,31,4,4,4,2,3,0,0,1,1,0,4,8,2,1,0.5,0,0,1.065,"See, traffic is terrible, it takes me 2 hours to go to office and come back. I spend more time on the road than with my family. Please do something about it.","Nijer bari na thakle para-ke nijer mone hoy na. Neighbours helping each other in emergencies, like it used to be."
3105,3,1,INT08,2025-03-03,2,25,4,1,2,5,999999,1,4,3,1,5,8,1,1,1,0,0,0,2,7,4,1,2.5,0,1,0.778,"Honestly, there have been chain snatching incidents near the bus stop. My husband has to come to the bus stop to pick me up.",friendly neighbours
3106,3,2,INT08,2025-03-03,1,47,2,1,2,5,19500,1,10,3,3,5,2,4,0,0,0,0,0,3,6,2,0,0.0,0,0,1.658,Baarish mein poora area paani mein doob jaata hai.,"to be honest, a local office where you can go without a middleman. participatory budgeting like some cities have tried would be good. that would make a big difference"
3107,3,1,INT09,2025-03-03,2,43,3,6,2,5,999999,0,29,5,4,3,4,2,1,0,0,0,0,3,6,3,0,0.0,0,1,0.618,"Most important is two-wheelers drive on the footpath, so walking is dangerous for old people. Plus the marriage hall next door plays music till two in the morning. We need green space, every inch has been built over.","affordable housing near work so that families can settle in one place. plus better streetlights and some police presence, then women can also take part"
3108,3,1,INT09,2025-03-03,2,54,3,6,2,7,109500,1,8,2,3,4,3,2,1,0,0,0,0,3,7,3,1,1.5,1,1,1.059,NA,More cultural programmes where families can come together.
3109,3,1,INT09,2025-03-03,2,31,4,2,2,3,12500,0,14,8,3,5,4,2,0,0,0,0,1,4,7,3,1,2.0,0,1,0.817,"पानी की बहुत दिक्कत है, टैंकर पर निर्भर रहना पड़ता है।","For me, more trust between people, now everyone keeps to themselves."
3110,3,1,INT08,2025-03-04,2,62,3,7,2,3,35000,0,46,3,3,3,4,2,1,0,0,0,0,2,7,2,0,0.0,1,1,0.636,Contracts go to relatives of the party people.,Basically community events on weekends when working people are free.
3111,3,1,INT10,2025-03-04,1,19,4,5,1,5,47500,0,7,4,3,2,4,3,0,1,0,0,0,3,6,4,1,3.0,0,0,1.094,"To be honest, we have moved three times in 4 years because of rent increases.","Football or cricket tournaments between lanes, the young people would connect."
3112,3,1,INT10,2025-03-04,2,35,6,1,2,5,52000,1,17,3,4,3,3,1,0,0,0,0,0,2,7,4,1,1.0,0,0,0.743,dark roads,"If the residents welfare association included tenants and not only owners. I went once but nobody listened to what I said. Second thing, an app or group where we can report problems together and follow up."
3113,3,2,INT09,2025-03-05,1,37,5,1,2,3,50000,1,4,3,3,4,4,3,0,1,0,1,1,2,6,4,1,1.0,0,0,1.285,Basically dirty drain water mixes with the drinking water pipe.,Basically if people were more welcoming to newcomers instead of asking which caste or state we are from.
3114,3,1,INT09,2025-03-05,2,47,4,6,2,6,63000,0,36,2,4,3,2,3,0,0,0,0,0,4,4,3,1,1.0,0,0,0.7,"To be honest, the drains are open and always blocked, the sewage overflows onto the road.","basically owning a house, even a small one. as a tenant you always feel temporary"
3115,3,1,INT10,2025-03-05,1,19,4,3,2,4,56500,0,9,3,9,4,2,4,0,0,0,0,0,3,4,3,1,8.5,1,0,0.943,don't know,
3116,3,2,INT10,2025-03-05,1,64,5,3,2,6,12000,0,54,4,4,3,4,4,1,1,0,1,1,4,8,1,1,1.5,0,1,1.887,Mainly old residents look at us as outsiders even after 12 years. When something is stolen they immediately blame the tenants. Otherwise it is a nice place to live.,पड़ोसी एक-दूसरे का हाल पूछें तो अपनापन लगेगा।
3117,3,1,INT08,2025-03-06,1,44,5,1,2,3,999999,1,13,5,5,2,4,2,1,0,1,1,0,3,6,3,0,0.0,0,1,1.257,Nothing,"Football or cricket tournaments between lanes, the young people would connect. If I knew I could stay here for more than a year, I would invest in knowing people."
3118,3,2,INT08,2025-03-06,3,44,4,3,2,3,31500,1,5,3,4,5,2,2,0,1,0,0,0,4,9,3,1,0.5,0,1,0.936,Landlords do not rent to bachelors or to people from other states.,Corporation kaaj korle loke bharsa pabe.
3119,3,1,INT08,2025-03-06,2,19,5,1,1,3,155000,1,2,1,2,4,1,3,0,0,0,1,0,2,8,4,1,5.5,0,0,0.652,"Housing is too expensive, young couples cannot afford to live near their parents. Another thing is most of the streetlights do not work, the lane is completely dark at night.",Basically a local office where you can go without a middleman. Participatory budgeting like some cities have tried would be good. Just knowing the names of my neighbours would be a start.
3120,3,1,INT08,2025-03-07,2,20,5,5,1,3,104000,1,3,1,2,4,1,4,0,0,0,0,0,1,4,4,1,4.5,0,0,0.658,Old residents look at us as outsiders even after 5 years.,"Basic services working properly, water, roads and lights, then people have time for each other. Most of our energy goes in fighting for basic things."
3121,3,1,INT08,2025-03-07,2,71,2,6,2,5,22500,0,27,4,4,4,4,2,0,0,0,0,0,4,5,2,0,0.0,0,0,0.914,I think during the monsoon the whole road goes under knee-deep water.,Most important is a park or common place where people can sit and talk in the evening. Another thing is if the BMC actually responded to complaints I would feel this place is mine.
3122,3,2,INT10,2025-03-07,2,23,5,1,1,5,12500,0,14,3,4,4,4,1,1,0,0,0,0,2,3,2,1,3.5,0,0,1.502,"Basically drainage is so bad that the lane smells all year round. Children fall sick often with stomach problems. Nobody organises anything for the area, so we do not know our neighbours. The deposit they ask is ten months of rent, which ordinary people cannot pay.",NA
3123,3,1,INT10,2025-03-07,1,29,3,3,2,7,33500,0,20,3,4,4,3,2,0,0,0,0,0,3,7,5,0,0.0,0,0,0.964,"According to me, the garbage van comes maybe twice a week, so everyone just dumps it outside. We tried collecting money for a private cleaner but it stopped after two months. Builders are taking over every open plot and prices are only for rich people.",if we planted trees together and looked after them as a group
3124,3,1,INT10,2025-03-07,2,47,4,6,3,2,35500,1,7,2,3,5,3,1,0,0,0,0,0,2,4,3,1,3.5,0,1,0.915,Even one hour of heavy rain and the lane is flooded for two days.,A women's group or self-help group where we can meet and also earn something.
3125,3,1,INT10,2025-03-08,2,21,6,6,2,5,80500,1,4,4,4,2,4,2,1,0,0,1,0,2,7,4,1,1.5,0,0,0.717,Mainly graduates are doing delivery jobs because nothing else is available. Kids are stuck indoors on phones because there is no place to play.,Better services
3126,3,1,INT08,2025-03-10,2,65,4,6,2,4,82000,0,53,2,4,3,3,3,1,0,0,1,0,4,7,3,1,1.0,0,1,1.186,There is no proper dustbin anywhere in the building.,"Hindu Muslim sab ek saath rahein, bas yahi chahiye."
3127,3,1,INT08,2025-03-10,2,85,3,6,2,5,7500,0,61,4,5,2,8,3,0,1,0,1,0,4,5,2,0,0.0,0,1,0.693,Garbage is not collected regularly and it piles up at the corner of the road. In the rainy season the smell is unbearable and mosquitoes breed. And kids are stuck indoors on phones because there is no place to play.,Safe public transport so that I can attend things in the evening.
3128,3,1,INT08,2025-03-10,1,30,4,1,2,5,34000,0,14,1,2,5,2,2,1,0,0,1,0,3,4,4,1,3.5,0,0,0.657,"The deposit they ask is ten months of rent, which ordinary people cannot pay.","See, basic services working properly, water, roads and lights, then people have time for each other. A women's group or self-help group where we can meet and also earn something."
3129,3,1,INT08,2025-03-10,2,20,5,6,1,6,9000,1,3,1,1,5,1,1,0,0,0,0,0,3,6,4,1,3.5,1,0,0.753,No regular water,"I think some kind of welcome for new families, somebody to show them around."
3130,3,2,INT09,2025-03-10,1,69,4,3,2,2,10000,0,45,4,5,2,8,4,0,0,0,1,0,4,10,3,0,0.0,0,1,2.088,Nothing,more free time
3131,3,1,INT09,2025-03-10,1,26,1,3,2,5,13000,0,16,1,1,4,1,2,0,0,0,0,0,1,6,4,1,3.5,1,0,1.535,"The drains are open and always blocked, the sewage overflows onto the road.","football or cricket tournaments between lanes, the young people would connect"
3132,3,2,INT09,2025-03-10,1,34,3,4,2,3,46500,1,5,5,4,3,8,4,1,0,0,0,1,4,8,3,1,1.0,0,0,1.011,"sanitation, no regular water",knowing neighbours
3133,3,1,INT09,2025-03-10,2,27,4,6,2,3,19500,1,10,2,4,2,2,3,0,0,0,0,0,4,4,3,0,0.0,0,0,0.825,Nothing,bhasha nahi aati toh log alag hi dekhte hai
3134,3,1,INT09,2025-03-10,1,25,5,2,1,5,46500,0,16,2,2,3,2,2,0,1,0,1,0,3,9,3,1,3.0,0,0,1.145,No problem as such,"Shorter travel to work, then weekends would not be only for rest. Sunday is the only day and that goes in household work. Then people would trust each other more."
3135,3,1,INT09,2025-03-10,1,34,4,2,2,4,26000,1,8,3,3,3,4,4,0,0,0,0,0,3,6,3,1,3.5,0,1,1.011,"Two-wheelers drive on the footpath, so walking is dangerous for old people. People are suspicious of tenants, they call them outsiders.","I think our building WhatsApp group helped during the floods, one for the whole area would be useful."
3136,3,1,INT10,2025-03-10,2,28,5,4,2,3,10000,0,8,1,2,5,2,8,0,0,0,0,0,3,7,5,1,1.0,1,0,0.922,Stray dogs tear open the garbage bags and it spreads all over the lane. We tried collecting money for a private cleaner but it stopped after two months. Also we have moved three times in 12 years because of rent increases. Many families who lived here for decades have left for the outskirts. We are fed up.,Not interested
3137,3,1,INT08,2025-03-11,1,49,5,3,2,6,48500,1,6,3,4,5,2,3,0,0,0,0,0,3,4,3,1,1.5,0,1,0.556,"The garbage van comes maybe twice a week, so everyone just dumps it outside. In the rainy season the smell is unbearable and mosquitoes breed. Something should be done.","Regular get-togethers, even a monthly potluck would help. When I was a child the whole building would sit together for the puja bhog. Along with that, neighbours helping each other in emergencies, like it used to be."
3138,3,2,INT08,2025-03-11,2,47,2,1,2,5,14000,0,29,1,2,4,1,2,0,1,0,0,0,3,7,2,1,1.5,0,0,1.21,,"Honestly, classes for tailoring or computers for women, we would get to know each other."
3139,3,1,INT09,2025-03-11,1,50,1,3,2,5,19500,0,44,8,5,2,3,3,1,0,0,1,0,4,5,2,0,0.0,0,1,0.973,no regular water,nothing really
3140,3,1,INT09,2025-03-11,1,35,3,1,2,3,36000,0,6,4,4,2,4,4,0,1,0,0,0,3,7,4,1,1.5,0,1,0.895,"Water enters the ground floor houses every rainy season. Snakes and dirty water come inside the house. Second thing, the only open ground was taken for a parking lot.",Don't know
3141,3,2,INT10,2025-03-12,1,19,3,5,1,3,42000,0,10,4,3,5,2,2,0,0,0,0,1,3,5,3,1,4.0,0,0,1.506,"Frankly speaking, the streetlight in front of our house has been broken for 4 years. People use their phone torch to walk home.","Honestly, if working hours were normal I would join things, now I am always tired. Sunday is the only day and that goes in household work. Sports day or a small fair for the children would bring people out of their homes. Apart from that, fair rent agreements so that we are not thrown out suddenly."
3142,3,1,INT08,2025-03-13,2,48,5,3,2,5,16500,1,2,4,2,5,2,3,0,0,0,0,0,2,4,3,1,1.0,1,0,0.707,"For me, public toilets are dirty and there are not enough of them. The vat near the market overflows every day. Plus water enters the ground floor houses every rainy season. Snakes and dirty water come inside the house. It is the same story every year.","See, a park or common place where people can sit and talk in the evening. In the old days the rowak outside the houses was where everybody met."
3143,3,1,INT09,2025-03-13,2,40,5,6,2,3,34500,1,8,2,1,5,1,1,0,0,0,0,0,3,4,4,1,4.0,0,0,1.142,"mainly the deposit they ask is ten months of rent, which ordinary people cannot pay",senior citizens club
3144,3,2,INT10,2025-03-13,1,32,6,3,2,11,31500,0,13,4,4,3,4,4,1,0,0,1,0,4,6,3,1,1.5,0,0,1.565,"Old houses are being demolished for flats and people like us are being pushed out. The broker takes one month rent as commission. Plus water supply is very irregular, sometimes we get it for only one hour in the morning.","The association should be run democratically, not by the same two families. Right now decisions are taken and we are just told to pay. Along with that, a local office where you can go without a middleman. Most of our energy goes in fighting for basic things. That would make a big difference."
3145,3,1,INT10,2025-03-13,1,24,5,4,2,10,257500,0,15,4,4,4,3,2,0,1,0,0,0,3,9,4,1,1.5,0,0,0.827,"The dust from construction is everywhere, everyone has a cough. Schools were shut for a week in November because of the smog. Construction noise goes on day and night.",Cleanliness drive
3146,3,1,INT08,2025-03-14,2,25,3,6,2,4,18500,1,8,2,1,8,2,2,0,0,0,0,0,1,5,3,1,1.5,1,0,0.795,"See, you need a middleman even to get a birth certificate.",friendly neighbours
3147,3,1,INT10,2025-03-14,2,28,3,6,2,2,25500,0,9,2,2,3,2,3,1,0,0,0,0,3,5,5,1,1.0,0,1,0.84,Mainly in December the water came up to our doorstep and ruined the furniture. Office people cannot go to work and daily wage workers lose income.,Nothing
3148,3,1,INT10,2025-03-14,1,,6,1,2,2,47000,1,6,4,3,4,8,5,0,0,1,0,0,3,3,4,1,1.5,0,0,0.606,Dirty drain water mixes with the drinking water pipe. Mosquitoes are a big problem because of the stagnant water.,"Owning a house, even a small one. As a tenant you always feel temporary."
3149,3,1,INT10,2025-03-14,2,41,1,1,2,5,34500,1,6,3,3,4,1,2,1,0,0,0,0,4,5,2,1,0.5,1,0,0.959,Actually nothing gets done in the municipal ward office office without paying a bribe.,"some kind of welcome for new families, somebody to show them around"
4001,4,2,INT13,2025-02-10,1,80,4,7,4,3,12500,0,6,4,3,3,3,2,0,0,0,1,0,4,,3,0,0.0,1,0,0.726,"Honestly, the deposit they ask is ten months of rent, which ordinary people cannot pay.",Mainly community events on weekends when working people are free.
4002,4,2,INT12,2025-02-12,3,28,3,6,1,1,41500,1,11,2,3,5,1,1,1,0,0,0,0,3,6,5,1,3.0,0,0,0.951,"The locals and the migrants do not talk, there is always some tension. When something is stolen they immediately blame the tenants. Otherwise it is a nice place to live.","Honestly, if the streets were safe to walk at night I would go out and meet people more."
4003,4,2,INT12,2025-02-12,1,36,4,3,2,1,34000,1,8,3,4,3,2,1,0,0,0,0,0,3,7,5,1,3.5,0,0,1.783,There is distrust between the old residents and the new people who have come to rent. The residents association meetings are only for owners.,If the residents welfare association included tenants and not only owners. Also a youth club with sports and computer classes to keep the boys busy.
4004,4,1,INT13,2025-02-12,1,24,4,2,2,11,999999,1,7,4,4,3,3,3,0,0,0,0,0,4,8,4,1,1.5,0,0,0.841,streetlights,"The association should be run democratically, not by the same two families."
4005,4,1,INT11,2025-02-13,2,30,4,6,2,3,13000,0,13,4,4,3,3,3,0,0,1,0,0,3,7,4,0,0.0,0,0,0.488,"Biggest thing is there is still no piped water connection in our lane, only one common tap",Sports day or a small fair for the children would bring people out of their homes. A small library or reading room where young and old can meet.
4006,4,1,INT12,2025-02-13,1,66,4,7,2,4,32000,0,21,3,3,4,3,3,0,0,0,0,1,2,3,4,1,1.5,1,1,0.718,Most important is the borewell went dry last summer and the tanker people charge whatever they like.,If we celebrated festivals together as one area instead of separately.
4007,4,2,INT11,2025-02-14,3,43,6,1,2,4,97500,1,17,3,3,4,1,3,0,0,0,1,0,3,7,3,1,2.5,1,1,1.024,Bhara ekhon ato beshi je para chhere jete hocche. We depend on tankers for drinking water and they charge 700 rupees a trip.,"See, respect for all communities, the young people are being poisoned by social media."
4008,4,2,INT11,2025-02-14,1,31,5,1,2,5,30000,0,6,5,2,3,2,4,0,0,0,1,0,4,7,3,1,7.5,0,0,1.244,"Sanitation is very poor, the sweepers hardly come to our side",better services
4009,4,2,INT12,2025-02-14,1,71,4,3,4,6,33500,1,25,4,4,3,2,3,1,0,1,0,0,4,4,2,0,0.0,0,1,1.37,"According to me, sanitation is very poor, the sweepers hardly come to our side.","Honestly, if women were also invited to the meetings and made office bearers. Right now decisions are taken and we are just told to pay. On top of that, if the ward office actually responded to complaints I would feel this place is mine."
4010,4,1,INT12,2025-02-14,1,44,4,4,2,7,46000,1,15,1,1,5,1,2,0,0,0,0,0,3,8,3,0,0.0,0,0,0.912,There is distrust between the old residents and the new people who have come to rent.,"if we celebrated festivals together as one layout instead of separately. when i was a child the whole layout would sit together for the puja bhog. if women were also invited to the meetings and made office bearers. it is not difficult, someone just has to start"
4011,4,2,INT12,2025-02-14,2,62,5,7,2,5,35000,1,5,3,3,5,1,2,0,0,0,0,0,4,4,3,1,1.5,1,0,1.253,"Naukri nahi hai, ladke log bas ghoomte rehte hai.",A senior citizens' corner where old people can sit together in the morning.
4012,4,1,INT11,2025-02-15,1,27,2,3,2,5,23500,1,3,2,1,8,2,2,0,0,0,0,0,3,2,5,1,2.0,0,0,0.709,"For me, there is no community hall or common place where people can meet. The borewell went dry last summer and the tanker people charge whatever they like.","Area ka ek WhatsApp group ho, sab updated rahenge. Some kind of welcome for new families, somebody to show them around."
4013,4,1,INT12,2025-02-15,2,36,3,6,2,3,27500,1,11,5,5,3,3,2,0,0,0,0,0,2,5,3,1,1.0,1,0,0.602,"According to me, water supply is very irregular, sometimes we get it for only one hour in the morning. Women and children stand in the queue with buckets. Something should be done.",Jaat-paat chhod ke sabko barabar dekhna chahiye.
4014,4,1,INT12,2025-02-15,1,41,5,1,2,5,156000,0,7,3,3,4,3,3,1,0,1,0,0,2,7,4,1,2.0,0,1,1.061,Educated girls sit at home because there are no suitable jobs.,"Neighbours helping each other in emergencies, like it used to be. In my village everyone knows everyone, here I feel like a stranger. And a park or common place where people can sit and talk in the evening."
4015,4,2,INT13,2025-02-15,1,,3,1,1,5,23500,1,3,3,5,8,3,3,1,0,0,0,0,2,7,4,1,1.0,0,0,1.359,Graduates are doing delivery jobs because nothing else is available. My nephew has been preparing for government exams for 8 years. Every house has two cars now but the lanes are the same width as thirty years ago.,"Biggest thing is the association should be run democratically, not by the same two families. Apart from that, free classes to learn the local language would help migrants like me mix better."
4016,4,1,INT13,2025-02-16,2,40,2,1,2,5,25000,1,3,5,5,2,5,4,0,0,0,0,0,4,8,4,1,1.5,0,0,0.779,"Corruption in local services, the councillor only helps his own people. Before elections they come with folded hands, after that you never see them. Another thing is people are suspicious of tenants, they call them outsiders. Hope this survey helps.","Affordable housing near work so that families can settle in one place. Second thing, transparency in how ward funds are spent, maybe a notice board."
4017,4,1,INT11,2025-02-17,2,24,4,1,1,1,118500,0,5,4,2,4,2,2,1,1,0,0,0,3,5,3,1,3.0,0,0,0.777,"I think there are no community programmes any more, people just stay inside their flats. Another thing is every house has two cars now but the lanes are the same width as thirty years ago.","Honestly, more time. I leave at seven and come back at ten, there is no time to connect"
4018,4,1,INT12,2025-02-17,1,30,5,3,1,3,37500,1,1,2,2,8,8,2,1,1,0,0,0,3,6,5,1,2.0,1,1,1.115,"Stray dogs tear open the garbage bags and it spreads all over the lane. On top of that, getting enough clean water for the family is the main struggle.",If people were more welcoming to newcomers instead of asking which caste or state we are from.
4019,4,1,INT12,2025-02-17,2,28,3,1,1,4,12000,1,2,4,3,4,3,3,0,1,0,0,0,4,7,3,1,8.0,1,0,0.615,"Basically the deposit they ask is ten months of rent, which ordinary people cannot pay. Many families who lived here for decades have left for the outskirts. Plus the lane to the station is dark and lonely, I always call someone while walking. Something should be done.","Mainly neighbours helping each other in emergencies, like it used to be. In my village everyone knows everyone, here I feel like a stranger. That is what I feel."
4020,4,1,INT13,2025-02-17,1,22,4,5,1,7,94000,0,15,2,4,2,2,3,0,0,0,0,0,3,10,4,1,3.5,0,0,0.603,"Honestly, language is a barrier, the older families do not accept people who do not speak the local language. When something is stolen they immediately blame the tenants. Corruption in local services, the councillor only helps his own people.",If we planted trees together and looked after them as a group.
4021,4,2,INT13,2025-02-17,1,31,5,1,2,1,19000,0,2,4,5,3,3,4,0,0,0,0,0,3,5,2,1,1.0,0,0,0.765,monsoon flooding,"friendly neighbours, festivals together"
4022,4,2,INT13,2025-02-17,2,42,3,1,2,7,25500,0,30,4,5,8,5,5,0,0,0,1,0,3,5,3,0,0.0,0,0,1.343,no accountability,safer streets
4023,4,2,INT13,2025-02-17,2,,4,7,2,5,16000,1,3,3,3,8,4,4,1,0,0,0,0,4,7,2,0,0.0,0,1,1.027,"Mainly housing is too expensive, young couples cannot afford to live near their parents.",If we celebrated festivals together as one apartment complex instead of separately.
4024,4,1,INT11,2025-02-18,1,53,3,3,2,4,9000,1,4,1,1,4,2,1,0,0,0,0,0,4,2,2,0,0.0,0,0,1.048,"The dust from construction is everywhere, everyone has a cough. My mother uses an inhaler now. Construction noise goes on day and night.","Mainly honestly, more time. I leave at seven and come back at ten, there is no time to connect."
4025,4,2,INT13,2025-02-18,1,22,4,5,1,4,42500,0,12,2,2,4,1,4,1,0,0,0,0,2,5,4,1,2.5,0,0,1.16,"Shor bahut hai, raat ko bhi DJ bajta hai","According to me, basic services working properly, water, roads and lights, then people have time for each other. Also if we celebrated festivals together as one layout instead of separately."
4026,4,2,INT11,2025-02-19,1,,3,1,2,4,34000,1,8,5,4,2,2,4,0,0,0,0,0,4,4,3,0,0.0,1,0,0.734,actually getting enough clean water for the family is the main struggle. we have complained to the municipality many times but nothing changes. another thing is the park we have is locked most of the time and full of weeds,"People should not make fun of our accent or our food. I am trying to learn, I can say a few words now. Along with that, owning a house, even a small one. As a tenant you always feel temporary. We have shifted so many times that my children stopped making friends. That is what I feel."
4027,4,2,INT11,2025-02-19,2,62,3,6,2,4,16000,0,24,3,4,3,8,3,1,0,0,1,0,3,4,2,1,3.0,0,1,0.806,"see, there is distrust between the old residents and the new people who have come to rent",if people greeted each other and stopped judging tenants
4028,4,1,INT12,2025-02-19,2,30,5,6,1,3,104000,1,11,2,2,5,2,1,0,0,1,0,0,3,7,5,1,2.0,0,0,0.868,don't know,"Honestly, working together on something practical like cleaning the drain would build trust. Once we cleaned the pond together and people still talk about that day."
4029,4,1,INT13,2025-02-19,2,39,5,1,2,3,26000,1,19,2,2,4,4,1,0,0,1,0,0,3,4,2,1,1.0,1,1,1.013,"See, most of the streetlights do not work, the lane is completely dark at night. People use their phone torch to walk home. Apart from that, men drink openly near the empty plot and women avoid that road.",If women were also invited to the meetings and made office bearers.
4030,4,1,INT13,2025-02-19,1,19,5,3,2,6,42500,1,1,1,2,5,2,1,0,0,0,1,0,2,4,3,1,2.0,0,0,0.793,"The locals and the migrants do not talk, there is always some tension. Plus autos and buses stop anywhere and the whole junction gets blocked.","community hall, knowing neighbours"
4031,4,1,INT11,2025-02-20,1,39,6,1,2,1,999999,1,9,5,3,2,5,4,1,0,0,0,0,2,9,4,1,1.5,0,1,0.932,"Water supply is very irregular, sometimes we get it for only one hour in the morning. My mother spends half her morning just arranging water. And housing is too expensive, young couples cannot afford to live near their parents. Many families who lived here for decades have left for the outskirts. Please do something about it.","basically celebrating each other's festivals, eid, diwali, christmas, pongal, all of them"
4032,4,1,INT11,2025-02-20,1,22,5,5,2,1,999999,1,5,1,1,5,2,2,1,0,0,0,0,2,8,4,1,2.0,1,1,0.882,"Honestly, stray dogs tear open the garbage bags and it spreads all over the lane.","safe ho toh evening mein bhi bahar jaa sakte hai. respect for all communities, the young people are being poisoned by social media"
4033,4,1,INT12,2025-02-20,1,,5,1,2,3,99500,0,25,4,3,2,1,4,1,1,1,0,0,4,5,3,1,2.0,0,0,1.035,Old people have nowhere to walk in the evening. When I was young we played cricket in the field that is now a mall.,Working together on something practical like cleaning the drain would build trust.
4034,4,2,INT12,2025-02-20,2,37,3,4,2,7,19500,1,15,4,5,3,5,2,0,0,0,0,0,3,5,3,0,0.0,0,0,1.017,don't know,If the BBMP actually responded to complaints I would feel this place is mine. An app or group where we can report problems together and follow up.
4035,4,2,INT12,2025-02-20,2,47,4,6,2,7,6500,1,13,3,3,4,2,2,0,1,0,1,1,4,6,4,0,0.0,0,1,1.403,"Road repair money is eaten up, the same road is dug up every year.","Frankly speaking, people should not make fun of our accent or our food."
4036,4,2,INT12,2025-02-21,2,78,3,6,2,7,45000,0,46,3,3,3,1,4,0,0,0,0,0,4,7,2,0,0.0,0,1,0.996,"There are no community programmes any more, people just stay inside their flats. Educated girls sit at home because there are no suitable jobs.",working municipality
4037,4,2,INT12,2025-02-21,2,57,4,6,2,6,15000,0,37,2,3,3,4,2,1,0,0,1,0,3,8,3,0,0.0,1,1,0.928,boys sit near the paan shop at night and pass comments on girls,"honestly, celebrating each other's festivals, eid, diwali, christmas, pongal, all of them"
4038,4,1,INT13,2025-02-21,2,55,3,1,2,3,12000,0,28,4,5,2,4,3,1,0,1,0,0,3,5,2,0,0.0,1,1,0.52,don't know,Parar pujoy sobai mile kaaj korle bhalo lage. Ek park ho jahan log baith ke baat kar sakein.
4039,4,2,INT13,2025-02-21,1,49,4,3,2,7,17000,0,38,4,4,2,1,4,1,0,0,0,0,4,7,3,1,3.5,0,1,0.89,"Paani ka bahut problem hai, tanker pe depend karna padta hai. Parking nie roj jhogra hoy.",community events on weekends when working people are free
4040,4,2,INT13,2025-02-21,1,29,5,1,1,2,87000,1,7,3,3,3,2,1,0,0,0,0,0,2,5,3,1,4.5,0,1,1.298,"Paani ka bahut problem hai, tanker pe depend karna padta hai.",An app or group where we can report problems together and follow up.
4041,4,2,INT11,2025-02-22,1,35,4,3,2,8,63000,0,27,5,4,3,3,4,0,1,1,0,0,2,6,3,1,1.5,1,0,0.762,smog,community hall
4042,4,1,INT12,2025-02-22,2,85,4,6,2,5,35500,0,65,4,3,3,5,5,1,1,0,0,0,4,8,3,0,0.0,0,1,0.633,"street light kharab hai, raat ko andhera rehta hai","Regular meetings where ordinary people can raise problems and actually be heard. Right now decisions are taken and we are just told to pay. Second thing, a laughter club or a bhajan group for older people. That is what I feel."
4043,4,2,INT12,2025-02-23,1,57,4,1,4,6,58500,0,36,5,3,2,3,4,1,1,0,1,0,4,6,3,0,0.0,1,1,1.021,"Frankly speaking, we depend on tankers for drinking water and they charge 900 rupees a trip. People are suspicious of tenants, they call them outsiders.",NA
4044,4,1,INT11,2025-02-24,2,,5,6,2,2,35000,1,18,4,8,5,3,3,0,1,1,0,0,4,4,3,1,4.5,0,0,0.607,rents are going up every year and the landlord asks for 500 rupees more each time. our landlord gave us one month notice to vacate. and men drink openly near the empty plot and women avoid that road. my husband has to come to the bus stop to pick me up,"To be honest, better streetlights and some police presence, then women can also take part."
4045,4,1,INT11,2025-02-24,1,30,3,6,2,3,56500,1,9,3,3,3,3,3,1,1,0,0,0,3,6,4,1,0.5,0,0,0.911,"actually language is a barrier, the older families do not accept people who do not speak the local language",Residents meetings
4046,4,1,INT12,2025-02-24,2,32,6,3,2,7,87500,0,15,3,4,3,3,1,1,0,0,0,1,3,,4,1,1.0,0,1,0.952,don't know,"a small library or reading room where young and old can meet. the tea stall is the only place where people chat now. on top of that, classes for tailoring or computers for women, we would get to know each other. most women here only meet at the water tap"
4047,4,1,INT12,2025-02-24,2,33,6,1,2,2,39500,1,9,2,2,5,1,1,0,0,0,0,0,2,5,2,1,1.5,0,1,0.78,Autos and buses stop anywhere and the whole junction gets blocked.,"Celebrating each other's festivals, Eid, Diwali, Christmas, Pongal, all of them. When I was a child the whole layout would sit together for the puja bhog."
4048,4,2,INT13,2025-02-24,2,40,2,4,2,6,20000,0,17,5,5,2,4,4,1,0,0,1,1,3,8,4,1,2.0,0,0,1.421,no regular water,A community hall that anybody can use for functions without paying a lot.
4049,4,1,INT13,2025-02-24,1,27,3,2,2,8,126500,1,1,2,2,4,4,3,0,0,0,1,0,2,7,4,1,1.5,0,0,0.447,Autos and buses stop anywhere and the whole junction gets blocked. My son missed his exam once because the bus was stuck for an hour. It is the same story every year.,"Frankly speaking, a small library or reading room where young and old can meet. Another thing is basic services working properly, water, roads and lights, then people have time for each other."
4050,4,1,INT13,2025-02-25,2,63,3,7,2,5,22000,0,19,5,4,2,4,2,0,0,0,1,0,4,7,2,1,2.0,0,1,0.737,nothing much,Actually more cultural programmes where families can come together. During the pandemic we cooked for each other and it felt like one family. Then it would feel like home.
4051,4,2,INT13,2025-02-25,2,29,5,6,2,6,44000,1,3,2,2,4,1,2,0,0,0,0,0,1,6,4,1,3.5,1,1,0.911,no street lights,Regular meetings where ordinary people can raise problems and actually be heard. A community hall that anybody can use for functions without paying a lot.
4052,4,2,INT11,2025-02-26,1,46,5,1,2,6,27000,1,15,4,5,1,2,4,0,0,0,0,0,4,10,5,1,1.0,0,1,1.227,getting enough clean water for the family is the main struggle,Biggest thing is an app or group where we can report problems together and follow up.
4053,4,2,INT11,2025-02-26,2,27,5,1,2,5,58500,0,4,2,3,4,1,3,0,0,0,0,0,3,5,5,1,2.0,0,1,1.02,Most important is water pressure is so low that the upper floors get nothing at all. My mother spends half her morning just arranging water.,"Frankly speaking, a proper playground, the children will play together and the parents will also meet"
4054,4,2,INT12,2025-02-26,1,34,5,1,2,8,52000,0,21,5,4,4,5,5,1,0,0,0,0,4,7,3,1,3.0,0,0,1.083,"According to me, lights are there on the main road but not in the inner lanes.","Most important is owning a house, even a small one. As a tenant you always feel temporary. We have shifted so many times that my children stopped making friends."
4055,4,2,INT11,2025-02-27,1,43,1,1,2,4,11500,0,22,2,2,5,1,4,0,0,0,0,1,3,5,3,1,3.5,0,1,1.344,New flats have brought people who do not mix with anyone in the area.,more community events
4056,4,1,INT12,2025-02-27,1,40,4,1,2,4,107500,1,4,3,4,3,2,3,0,0,0,0,0,4,5,3,1,4.5,0,0,0.709,"Mainly traffic is terrible, it takes me 3 hours to go to office and come back. There are fights over parking almost every week.","Frankly speaking, regular meetings where ordinary people can raise problems and actually be heard."
4057,4,2,INT11,2025-02-28,2,37,2,1,2,2,32000,1,16,5,5,2,4,4,0,0,0,1,0,3,6,4,1,1.5,0,0,1.304,Rents are going up every year and the landlord asks for 700 rupees more each time.,"To be honest, the association should be run democratically, not by the same two families."
4058,4,2,INT12,2025-02-28,1,66,2,7,2,7,15500,1,12,2,3,4,1,3,0,0,0,0,0,2,6,3,0,0.0,0,1,0.978,"Honestly, there are no community programmes any more, people just stay inside their flats.","Senior citizens club, better lighting"
4059,4,2,INT12,2025-02-28,1,29,3,2,2,4,40000,1,12,3,3,4,1,4,0,0,0,0,0,4,6,4,1,6.0,0,0,1.038,"Summer mein paani bilkul nahi aata, daily cans lene padte hai. Landlords do not rent to bachelors or to people from other states.","A cleanliness drive where everyone participates, owners and tenants together. Neighbours helping each other in emergencies, like it used to be."
4060,4,1,INT11,2025-03-01,1,46,5,1,2,6,18000,0,12,2,3,1,4,4,1,0,0,0,0,3,4,3,1,1.5,0,1,1.433,Cannot say,"Time hi nahi milta, office aur ghar mein hi din khatam. Sab milke tyohar manaye toh accha lagega."
4061,4,2,INT13,2025-03-01,2,46,1,1,2,5,9500,0,35,2,3,4,4,3,0,0,0,0,0,4,5,4,1,0.5,0,0,1.048,"traffic jam, blocked drains",women's group
4062,4,1,INT13,2025-03-01,2,36,3,6,2,4,20000,0,11,1,3,5,1,2,0,0,0,0,0,1,5,4,1,2.5,1,1,0.729,noise pollution,women's group
4063,4,1,INT12,2025-03-02,1,47,5,3,4,4,69000,1,4,3,2,5,2,2,0,0,0,0,0,4,8,4,1,1.5,1,0,0.864,"Notun lokera karo sathe mesh na. Kiraya har saal badh jaata hai, salary utni nahi badhti.",Something for teenagers to do in the evening other than sitting on the phone. Our club used to run a library but it closed after the old members died.
4064,4,1,INT11,2025-03-03,2,29,5,6,2,3,14500,0,19,1,4,4,4,2,1,1,0,0,0,3,3,4,1,1.0,1,1,0.506,"Most important is there is no parking, people park on both sides and even an ambulance cannot enter.","Frankly speaking, working together on something practical like cleaning the drain would build trust."
4065,4,2,INT11,2025-03-03,2,20,2,5,1,5,19500,1,3,1,1,5,1,1,0,0,0,0,0,1,0,3,0,0.0,0,0,0.739,"no regular water, too much traffic",Aurton ke liye koi group ho toh milna-julna hoga.
4066,4,2,INT12,2025-03-03,2,31,4,6,2,9,39000,1,7,2,3,4,1,4,0,0,0,0,0,4,3,4,1,1.0,1,0,0.782,no togetherness,A ward committee that meets every month and shares what the ward office is doing. Right now decisions are taken and we are just told to pay. Just knowing the names of my neighbours would be a start. That is what I feel
4067,4,2,INT12,2025-03-04,1,53,4,3,2,5,39500,0,18,4,4,2,4,4,1,0,0,0,0,3,5,3,1,3.0,0,1,1.036,"housing is too expensive, young couples cannot afford to live near their parents. along with that, old residents look at us as outsiders even after 12 years",i think if the residents welfare association included tenants and not only owners. i went once but nobody listened to what i said. and a community hall that anybody can use for functions without paying a lot
4068,4,2,INT12,2025-03-05,1,84,4,7,2,8,86500,0,73,4,3,2,4,3,1,1,1,0,0,4,4,2,0,0.0,0,1,1.39,"Biggest thing is there is no parking, people park on both sides and even an ambulance cannot enter.","A laughter club or a bhajan group for older people. Honestly, more time. I leave at seven and come back at ten, there is no time to connect. And a park or common place where people can sit and talk in the evening."
4069,4,1,INT13,2025-03-05,2,41,5,3,2,3,58500,1,8,2,3,4,1,2,1,0,0,0,0,2,5,3,1,1.0,0,0,0.63,Actually nobody segregates waste and the Corporation does not enforce anything. In the rainy season the smell is unbearable and mosquitoes breed.,
4070,4,1,INT13,2025-03-05,1,40,5,1,2,3,52000,1,4,1,4,4,8,4,0,0,1,0,1,2,6,5,1,1.5,0,0,0.748,"Honestly, the garbage van comes maybe twice a week, so everyone just dumps it outside. In the rainy season the smell is unbearable and mosquitoes breed. And the main road is always jammed because of the metro work. It is the same story every year.","open RWA meetings, language acceptance"
4071,4,2,INT12,2025-03-06,1,67,3,7,2,6,16500,1,4,2,3,3,2,3,0,0,0,0,0,2,5,2,1,1.0,0,1,0.981,There is no community hall or common place where people can meet.,"shorter commute, cultural programmes"
4072,4,2,INT12,2025-03-06,2,49,4,2,2,4,22500,1,24,4,4,2,3,2,0,1,1,1,0,3,4,3,1,2.0,0,1,0.724,"Naukri nahi hai, ladke log bas ghoomte rehte hai. People are suspicious of tenants, they call them outsiders.",someone to check on elderly people who live alone
4073,4,2,INT13,2025-03-06,1,56,2,1,2,8,13500,1,5,3,3,4,2,4,1,1,0,0,0,3,3,1,0,0.0,0,1,1.361,There is no proper dustbin anywhere in the locality.,If we celebrated festivals together as one layout instead of separately
4074,4,2,INT13,2025-03-07,1,21,5,1,1,3,73000,0,11,5,5,3,4,2,0,1,0,1,0,2,5,3,1,7.5,0,1,1.7,"dark roads, flooding in monsoon",sports for kids
4075,4,1,INT12,2025-03-08,1,24,5,4,2,4,16500,1,1,1,3,4,3,3,0,0,0,0,0,1,5,5,1,0.5,1,0,0.954,I think graduates are doing delivery jobs because nothing else is available.,"Mainly a proper WhatsApp group for the locality where information is shared, not only forwards."
4076,4,2,INT11,2025-03-10,2,29,5,6,2,4,74500,1,12,5,4,3,4,5,0,0,1,1,0,4,6,4,1,4.0,0,1,1.294,stray dogs tear open the garbage bags and it spreads all over the lane,"Mainly better streetlights and some police presence, then women can also take part."
4077,4,1,INT12,2025-03-10,1,36,6,1,2,5,49500,0,27,3,3,2,3,3,0,0,0,0,0,3,8,4,1,1.0,0,1,0.654,"parking, water supply","Biggest thing is a councillor who comes and listens, not only during elections."
4078,4,1,INT12,2025-03-10,1,36,4,1,2,6,26000,1,3,3,5,3,3,3,0,0,0,0,0,3,5,3,1,3.0,0,1,0.927,We depend on tankers for drinking water and they charge 600 rupees a trip.,A community hall that anybody can use for functions without paying a lot
4079,4,2,INT13,2025-03-10,2,28,6,6,1,5,23000,0,22,4,4,3,3,5,0,0,1,0,0,9,9,4,1,5.5,0,1,1.437,,"Open RWA meetings, online group"
4080,4,1,INT11,2025-03-11,2,39,4,1,2,2,33500,0,32,4,4,4,2,4,0,0,0,0,0,4,8,3,0,0.0,0,1,1.178,No regular water,"A park or common place where people can sit and talk in the evening. Second thing, safe public transport so that I can attend things in the evening."
4081,4,1,INT11,2025-03-11,1,85,3,7,4,4,44500,1,7,3,3,5,1,3,0,0,0,1,0,3,4,2,0,0.0,1,1,0.825,"Basically two-wheelers drive on the footpath, so walking is dangerous for old people. Second thing, in summer there is hardly any water in the pipeline for weeks at a time.","See, some programme where locals and outsiders can meet, not just live side by side. And more cultural programmes where families can come together."
4082,4,1,INT12,2025-03-11,1,59,5,4,2,6,42000,1,3,2,2,4,8,2,0,0,0,0,0,2,3,4,1,0.5,0,1,0.792,"Water pressure is so low that the upper floors get nothing at all. We have complained to the Corporation many times but nothing changes. Apart from that, every house has two cars now but the lanes are the same width as thirty years ago. Please do something about it.",If we planted trees together and looked after them as a group. Once we cleaned the pond together and people still talk about that day. And if we celebrated festivals together as one locality instead of separately.
4083,4,1,INT13,2025-03-11,1,30,3,1,1,7,19500,1,11,4,3,2,5,3,0,0,0,0,0,3,6,4,1,5.0,0,0,0.768,Potholes and traffic together make the daily commute a nightmare.,Language acceptance
4084,4,1,INT13,2025-03-12,3,58,4,4,4,4,999999,1,8,4,5,3,4,5,1,1,0,1,0,3,4,3,0,0.0,0,0,0.601,people throw waste in the open plot next to our building and it stinks,"Benches and a walking track, that is where you actually meet neighbours."
4085,4,1,INT12,2025-03-13,1,24,2,5,2,2,14500,1,2,8,1,5,2,1,0,0,0,0,0,1,5,4,1,5.5,1,0,0.606,"We depend on tankers for drinking water and they charge 800 rupees a trip. Apart from that, every house has two cars now but the lanes are the same width as thirty years ago.",I already feel connected
4086,4,2,INT12,2025-03-13,2,68,4,1,3,8,24500,1,16,2,3,5,3,3,1,1,0,0,0,3,6,3,0,0.0,0,1,0.792,"Tap water is yellowish and smells, so we boil it or buy cans.",CCTV and a local help desk would make people feel secure to step out.
4087,4,1,INT13,2025-03-13,2,45,3,2,2,6,44000,1,12,5,4,3,4,3,1,0,0,0,0,3,5,4,1,1.0,0,0,0.69,"The Corporation water comes at odd times like five in the morning, so someone has to stay awake to fill the drums.",
4088,4,2,INT11,2025-03-14,1,29,4,1,2,4,50500,1,7,1,1,5,1,1,0,0,0,0,0,2,4,2,0,0.0,1,0,0.915,"To be honest, there is still no piped water connection in our lane, only one common tap. Old houses are being demolished for flats and people like us are being pushed out.",People should not make fun of our accent or our food.
4089,4,1,INT11,2025-03-14,2,37,6,2,2,6,29000,1,4,1,2,4,1,2,0,0,0,0,0,3,5,3,1,2.0,1,0,1.128,The main road is always jammed because of the metro work. My son missed his exam once because the bus was stuck for an hour. Hope this survey helps.,"Just knowing the names of my neighbours would be a start. In my village everyone knows everyone, here I feel like a stranger."
4090,4,2,INT11,2025-03-14,2,19,4,6,1,4,48000,1,2,4,3,4,3,1,0,1,0,0,0,3,7,4,1,1.0,0,0,0.964,"raate eka pheray bhoy lage, rasta ekdom andhokar","Honestly, a women's group or self-help group where we can meet and also earn something."
4091,4,2,INT12,2025-03-14,1,26,3,1,2,4,14000,1,9,5,5,2,4,3,0,1,0,0,0,4,6,3,1,3.0,0,0,0.881,"Honestly, there is still no piped water connection in our lane, only one common tap.","See, honestly, more time. I leave at seven and come back at ten, there is no time to connect."
4092,4,1,INT13,2025-03-14,1,31,3,1,1,2,22500,1,5,3,3,4,2,2,0,0,0,1,0,3,2,3,1,0.5,0,0,0.901,In May the water came up to our doorstep and ruined the furniture. In summer there is hardly any water in the pipeline for weeks at a time.,"Fair rent agreements so that we are not thrown out suddenly. Apart from that, a community hall that anybody can use for functions without paying a lot."
4093,4,2,INT12,2025-03-15,2,23,4,4,1,3,36500,0,11,5,2,2,3,3,1,0,0,0,0,3,10,4,1,6.0,0,0,0.88,Biggest thing is nobody segregates waste and the panchayat does not enforce anything. My children fell sick with dengue last year.,Community events on weekends when working people are free. When I was a child the whole locality would sit together for the puja bhog.
4094,4,2,INT11,2025-03-17,2,,5,2,2,5,36500,1,8,4,4,3,3,4,0,1,0,0,0,3,6,4,1,1.0,1,0,0.969,,"Safe public transport so that I can attend things in the evening. My mother will only let me go if my brother comes along. Second thing, if people were more welcoming to newcomers instead of asking which caste or state we are from."
4095,4,1,INT11,2025-03-17,1,57,3,1,2,3,17500,0,38,4,5,2,2,4,0,1,0,0,0,4,7,2,0,0.0,0,1,0.65,Most important is getting enough clean water for the family is the main struggle. Without a water purifier you cannot drink it. The main road is always jammed because of the metro work.,common space
4096,4,2,INT12,2025-03-17,2,47,1,2,2,6,8000,1,1,3,2,5,2,2,0,0,0,0,0,3,4,2,0,0.0,1,1,1.213,"There is still no piped water connection in our lane, only one common tap. My mother spends half her morning just arranging water",If people accepted us even though we do not speak the local language well.
4097,4,1,INT12,2025-03-17,1,41,6,1,2,5,28500,0,15,3,4,4,2,4,0,0,0,0,0,3,6,3,1,0.5,1,1,0.729,"Most important is housing is too expensive, young couples cannot afford to live near their parents. The broker takes one month rent as commission.",Regular meetings where ordinary people can raise problems and actually be heard.
4098,4,1,INT12,2025-03-17,2,,6,2,1,2,76000,1,6,1,4,4,2,2,0,0,0,0,0,9,9,5,1,3.5,0,0,0.876,i think garbage is not collected regularly and it piles up at the corner of the road,"Classes for tailoring or computers for women, we would get to know each other. Our self-help group gave me friends and some savings. That is what I feel."
4099,4,2,INT13,2025-03-17,2,27,3,3,2,3,15000,1,9,2,3,4,8,2,0,0,0,0,0,3,9,5,0,0.0,0,0,0.807,Drain-er jol rastay uthe ase.,Basically if the streets were safe to walk at night I would go out and meet people more.
4100,4,1,INT13,2025-03-17,1,32,5,1,2,3,999999,0,12,4,4,4,1,5,1,0,0,0,0,4,9,5,1,4.0,0,1,0.721,don't know,"A common puja or utsav where everyone contributes, not only the committee. CCTV and a local help desk would make people feel secure to step out"
4101,4,2,INT13,2025-03-17,1,26,6,1,1,7,999999,1,6,4,5,3,9,4,0,0,0,0,0,3,5,4,1,1.0,0,0,1.407,"Paani ka bahut problem hai, tanker pe depend karna padta hai. Traffic is terrible, it takes me 3 hours to go to office and come back.","honestly, a park or common place where people can sit and talk in the evening. in the old days the rowak outside the houses was where everybody met. if people were more welcoming to newcomers instead of asking which caste or state we are from. that would make a big difference"
4102,4,1,INT12,2025-03-18,1,56,3,4,4,10,40000,0,35,3,3,4,4,4,0,0,0,0,0,4,6,3,0,0.0,0,1,0.658,"according to me, there is no proper sewer line, the waste water stands in the lane. the bbmp cleans it once before elections and forgets",common space
4103,4,1,INT13,2025-03-18,1,44,4,1,2,3,999999,1,4,2,2,4,1,2,0,1,0,0,0,3,4,3,1,1.0,0,0,0.912,"Jol thik moto ase na, pressure khub kom. Nothing gets done in the Corporation office without paying a bribe.",if the bbmp actually responded to complaints i would feel this place is mine. participatory budgeting like some cities have tried would be good. then it would feel like home
4104,4,2,INT11,2025-03-19,2,46,3,6,2,6,19000,1,2,1,2,5,1,2,0,0,0,0,0,1,4,3,1,0.5,1,0,1.406,"Water supply is very irregular, sometimes we get it for only one hour in the morning","Better streetlights and some police presence, then women can also take part. My mother will only let me go if my brother comes along. It is not difficult, someone just has to start"
4105,4,2,INT11,2025-03-19,1,48,3,2,1,5,14500,0,28,4,3,4,3,4,0,1,0,1,0,4,7,2,0,0.0,1,1,1.184,parking,"A cleanliness drive where everyone participates, owners and tenants together. Transparency in how ward funds are spent, maybe a notice board"
4106,4,1,INT12,2025-03-19,1,39,3,1,2,5,13000,0,16,4,4,2,4,5,0,0,0,0,0,4,7,4,1,1.0,0,1,1.055,water pressure is so low that the upper floors get nothing at all,a park
4107,4,2,INT13,2025-03-19,2,72,2,6,2,8,12000,0,57,3,4,1,4,5,1,0,0,1,0,4,7,1,0,0.0,0,1,1.012,"Basically there is no work nearby, the youth have to go to other states. Many boys from the locality have gone to Bengaluru or the Gulf. Otherwise it is a nice place to live.","Honestly, celebrating each other's festivals, Eid, Diwali, Christmas, Pongal, all of them. And a laughter club or a bhajan group for older people."
4108,4,1,INT13,2025-03-20,2,23,6,4,2,4,52500,0,6,4,4,5,4,2,0,1,0,0,0,2,9,5,1,0.5,0,0,0.793,Mainly garbage is not collected regularly and it piles up at the corner of the road. Also every house has two cars now but the lanes are the same width as thirty years ago.,Basically sports day or a small fair for the children would bring people out of their homes.
4109,4,2,INT11,2025-03-21,2,36,4,6,1,4,50500,1,12,2,4,3,4,1,0,1,0,0,0,2,3,3,1,1.5,0,1,1.088,"Mainly people are suspicious of tenants, they call them outsiders.","If I knew I could stay here for more than a year, I would invest in knowing people. Tenants are never seen as real members of the area. Otherwise everyone is in their own world."
4110,4,1,INT12,2025-03-21,1,30,5,4,2,4,33000,1,11,3,3,3,4,3,0,0,0,0,0,3,4,2,1,2.0,0,0,0.926,Most important is men drink openly near the empty plot and women avoid that road.,If we celebrated festivals together as one layout instead of separately. During the pandemic we cooked for each other and it felt like one family.
4111,4,2,INT13,2025-03-21,2,45,3,6,2,5,17500,0,11,2,3,2,3,2,0,0,1,0,0,3,7,3,1,0.5,1,0,1.616,"Biggest thing is water supply is very irregular, sometimes we get it for only one hour in the morning.","Frankly speaking, affordable housing near work so that families can settle in one place. Tenants are never seen as real members of the area. That would make a big difference."
4112,4,2,INT13,2025-03-21,1,27,3,1,1,2,49000,1,4,2,2,2,3,4,0,0,0,0,0,2,9,4,1,2.0,0,1,1.242,"To be honest, getting enough clean water for the family is the main struggle.",Nothing
5001,5,2,INT14,2025-02-17,2,42,4,6,2,4,39500,1,4,4,3,5,2,3,1,0,1,0,0,1,4,3,1,2.5,1,0,0.863,outsiders vs locals,Don't know
5002,5,2,INT14,2025-02-17,2,27,3,6,2,9,23500,1,3,3,1,5,2,1,1,1,0,0,0,3,10,5,0,0.0,0,0,1.396,There is always the fear of eviction because nobody has a proper agreement.,Most important is sports day or a small fair for the children would bring people out of their homes.
5003,5,2,INT15,2025-02-17,1,51,6,1,2,8,53500,0,23,5,5,2,5,4,0,1,1,0,0,3,7,3,1,1.0,0,1,1.085,"Water supply, bribery",Cannot say
5004,5,1,INT15,2025-02-17,2,74,1,6,2,8,9000,0,30,4,3,3,3,1,0,0,1,0,0,4,3,1,0,0.0,0,0,0.658,"Shor bahut hai, raat ko bhi DJ bajta hai.",Raste alo thakle bhoy kom lagto. Mahila mandal meetings in the afternoon when we are free from housework.
5005,5,1,INT15,2025-02-17,2,29,6,1,1,2,37000,1,7,3,1,4,4,3,1,0,0,0,0,1,6,4,1,6.0,1,0,0.813,"Earlier we celebrated festivals together, now everyone is busy. Our building has sixty flats and I know maybe five families. We are fed up.",nothing really
5006,5,2,INT14,2025-02-18,1,27,3,3,2,7,15500,0,16,4,3,2,5,5,0,0,0,0,0,3,8,4,1,2.0,1,0,0.956,"We need green space, every inch has been built over.",More community events
5007,5,2,INT15,2025-02-18,2,67,1,6,2,2,21000,0,32,4,5,3,5,5,1,0,0,0,0,4,8,2,0,0.0,0,1,1.6,In summer there is hardly any water in the pipeline for weeks at a time.,Festivals together
5008,5,1,INT14,2025-02-19,1,32,3,1,2,5,30000,1,2,4,3,3,2,2,0,0,0,0,0,1,5,3,1,1.5,0,0,0.589,NA,Biggest thing is more cultural programmes where families can come together.
5009,5,1,INT15,2025-02-19,1,41,4,1,2,4,45000,0,18,4,5,5,3,2,0,0,0,0,0,3,4,4,1,4.5,0,1,0.626,"To be honest, people throw waste in the open plot next to our building and it stinks.","Better streetlights and some police presence, then women can also take part."
5010,5,2,INT15,2025-02-19,2,23,6,2,1,3,23000,0,17,5,5,1,4,5,0,0,1,1,0,4,7,5,1,3.0,0,0,0.791,"Most important is water supply is very irregular, sometimes we get it for only one hour in the morning.","for me, mahila mandal meetings in the afternoon when we are free from housework"
5011,5,1,INT14,2025-02-20,1,23,5,5,1,4,34500,0,7,3,2,4,3,1,0,1,0,0,0,4,8,4,1,1.0,0,0,0.902,"biggest thing is people are suspicious of tenants, they call them outsiders",clean surroundings
5012,5,1,INT15,2025-02-21,2,32,2,2,2,2,14000,1,13,3,1,5,1,1,0,0,0,0,0,2,6,5,1,1.5,0,0,0.5,"Frankly speaking, the park we have is locked most of the time and full of weeds. On top of that, drainage is so bad that the lane smells all year round.","respect for all communities, the young people are being poisoned by social media. if we celebrated festivals together as one area instead of separately"
5013,5,1,INT15,2025-02-21,2,43,5,6,2,4,60500,1,6,2,3,5,2,3,1,1,0,0,0,2,5,3,1,1.5,0,1,0.575,the marriage hall next door plays music till two in the morning. students cannot study during exam time. it has become worse in the last few years,Don't know
5014,5,2,INT15,2025-02-21,2,85,1,6,2,5,14500,1,5,5,5,4,8,4,0,0,0,1,0,3,6,3,0,0.0,0,0,0.738,I think the park we have is locked most of the time and full of weeds.,
5015,5,1,INT14,2025-02-24,1,24,5,5,2,2,15500,0,13,4,2,4,3,2,0,0,1,0,0,2,4,4,1,2.0,0,0,0.975,You need a middleman even to get a birth certificate. There is no community hall or common place where people can meet.,"frankly speaking, more cultural programmes where families can come together. when i was a child the whole area would sit together for the puja bhog. apart from that, honestly, more time. i leave at seven and come back at ten, there is no time to connect"
5016,5,1,INT14,2025-02-24,1,43,4,1,2,3,35500,0,30,3,5,2,4,2,0,0,0,0,0,4,8,4,1,1.0,0,1,0.76,"I think there is no park or playground, children play on the road. My grandchildren play in the corridor of the building. Old residents look at us as outsiders even after 3 years. That is all.","If I knew I could stay here for more than a year, I would invest in knowing people."
5017,5,2,INT15,2025-02-24,2,19,6,2,1,3,56000,0,10,8,2,3,4,5,0,0,0,0,0,4,7,4,1,1.0,0,0,1.302,"According to me, during the monsoon the whole road goes under knee-deep water. Office people cannot go to work and daily wage workers lose income. That is all.","A proper playground, the children will play together and the parents will also meet. The tea stall is the only place where people chat now. Second thing, if people greeted each other and stopped judging tenants. That would make a big difference."
5018,5,2,INT15,2025-02-24,2,37,2,6,2,2,7000,0,7,5,3,3,3,4,1,0,0,0,0,2,7,3,1,1.0,0,1,0.798,Drainage,"more free time, safer streets"
5019,5,1,INT15,2025-02-24,1,26,6,1,2,3,999999,0,20,5,5,3,4,5,1,0,0,0,1,4,8,5,1,3.0,0,1,0.742,"The nala behind our houses has not been cleaned for years. Children fall sick often with stomach problems. The garbage van comes maybe twice a week, so everyone just dumps it outside. It is the same story every year.","If working hours were normal I would join things, now I am always tired"
5020,5,1,INT15,2025-02-24,1,19,3,4,2,3,23000,0,10,1,3,5,3,3,1,0,1,0,1,2,6,4,1,2.5,1,0,0.822,"Sob jaigay ghush dite hoy, dada dhorte hoy.",A youth club with sports and computer classes to keep the boys busy.
5021,5,2,INT14,2025-02-25,1,36,3,4,2,4,31000,1,6,3,5,3,3,4,0,0,0,0,0,4,10,5,1,2.5,0,1,1.264,nothing much,"Our building WhatsApp group helped during the floods, one for the whole area would be useful. Right now the group is only used for complaints about parking."
5022,5,2,INT14,2025-02-25,2,50,3,6,2,2,9000,0,29,8,5,3,4,4,1,0,0,1,0,3,7,3,1,1.5,0,1,1.442,"Kids are stuck indoors on phones because there is no place to play. Along with that, the Corporation water comes at odd times like five in the morning, so someone has to stay awake to fill the drums. Another thing is men drink openly near the empty plot and women avoid that road.",Regular meetings where ordinary people can raise problems and actually be heard. Right now decisions are taken and we are just told to pay.
5023,5,2,INT15,2025-02-25,1,26,4,1,2,6,27500,0,16,3,8,3,3,3,0,0,0,0,0,4,2,3,1,1.5,0,0,1.125,"The panchayat water comes at odd times like five in the morning, so someone has to stay awake to fill the drums. Last November we bought water cans every single day.",festivals together
5024,5,1,INT14,2025-02-26,1,28,5,1,1,3,999999,0,5,4,4,3,2,4,0,1,0,1,1,2,9,4,1,2.5,0,0,0.646,Cannot say,Biggest thing is if people greeted each other and stopped judging tenants.
5025,5,1,INT14,2025-02-26,1,26,5,1,1,4,10000,0,18,2,2,4,2,2,1,0,0,0,0,2,6,3,1,4.0,0,0,1.267,"no street lights, monsoon flooding",If the Corporation actually responded to complaints I would feel this place is mine.
5026,5,2,INT15,2025-02-26,1,35,3,1,2,5,24500,1,1,2,1,9,1,4,0,0,0,0,0,3,6,3,0,0.0,0,0,1.805,Water enters the ground floor houses every rainy season.,"biggest thing is a cleanliness drive where everyone participates, owners and tenants together. once we cleaned the pond together and people still talk about that day"
5027,5,1,INT15,2025-02-26,2,69,2,6,2,3,18000,0,43,5,5,2,5,5,0,0,1,1,1,4,,2,1,0.5,0,1,1.002,"i think the dust from construction is everywhere, everyone has a cough. it is not safe for women to walk alone after dark here","I think a proper playground, the children will play together and the parents will also meet. In the old days the rowak outside the houses was where everybody met. That is what I feel."
5028,5,1,INT14,2025-02-27,1,69,2,7,2,3,7500,0,33,3,4,4,2,4,1,1,0,0,0,3,3,2,0,0.0,0,0,1.04,"Biggest thing is water supply is very irregular, sometimes we get it for only one hour in the morning. Second thing, there are no community programmes any more, people just stay inside their flats.",If we celebrated festivals together as one area instead of separately. Regular meetings where ordinary people can raise problems and actually be heard.
5029,5,1,INT14,2025-02-27,2,39,3,2,2,6,17000,0,25,2,2,4,8,4,1,0,0,0,0,3,6,4,0,0.0,0,1,1.027,The low-lying part of the street floods every year and nobody plans for it.,"Biggest thing is if the streets were safe to walk at night I would go out and meet people more. Right now I rush home before dark, so I miss everything."
5030,5,2,INT15,2025-02-27,2,,3,4,2,3,7500,0,30,4,5,2,3,3,1,1,0,0,0,4,4,3,0,0.0,0,1,1.021,"There is no park or playground, children play on the road.",I already feel connected
5031,5,1,INT15,2025-02-27,1,48,2,1,2,6,23000,1,12,1,2,4,1,2,0,0,0,0,0,2,5,3,1,1.0,1,0,0.857,No regular water,"less division by religion and caste, we were never like this before"
5032,5,1,INT15,2025-02-27,1,31,3,1,2,7,8000,1,8,3,4,3,4,2,1,0,0,0,0,4,10,3,1,1.5,0,1,1.193,"safety for women, loudspeakers",Coaching or skill training centre for the young people of the street. Our club used to run a library but it closed after the old members died
5033,5,2,INT15,2025-02-28,1,72,5,7,2,5,15000,0,27,5,5,4,5,5,1,1,0,0,0,4,6,4,0,0.0,1,1,0.926,noise,A laughter club or a bhajan group for older people.
5034,5,1,INT15,2025-02-28,1,30,1,1,2,5,16500,1,13,2,1,5,1,3,0,0,1,0,0,1,4,4,1,3.0,0,0,0.787,"bhara ekhon ato beshi je para chhere jete hocche. earlier we celebrated festivals together, now everyone is busy","I think regular get-togethers, even a monthly potluck would help. When I was a child the whole area would sit together for the puja bhog."
5035,5,2,INT14,2025-03-01,2,27,5,1,2,5,27000,1,10,5,5,8,2,4,0,0,0,1,0,3,7,4,1,2.5,0,0,0.844,"the dust from construction is everywhere, everyone has a cough","mainly a local office where you can go without a middleman. most of our energy goes in fighting for basic things. apart from that, mahila mandal meetings in the afternoon when we are free from housework. most women here only meet at the water tap. that would make a big difference"
5036,5,1,INT14,2025-03-01,3,55,6,1,1,1,999999,0,29,2,3,4,1,1,1,0,1,0,0,3,9,5,1,2.0,1,0,0.666,"According to me, tap water is yellowish and smells, so we boil it or buy cans. Last June we bought water cans every single day. Also the nala behind our houses has not been cleaned for years. The ward office cleans it once before elections and forgets. It has become worse in the last few years.","For me, neighbours helping each other in emergencies, like it used to be. My neighbour aunty sends food sometimes and that is the only connection I have. Otherwise everyone is in their own world."
5037,5,1,INT14,2025-03-03,3,41,4,1,1,4,26000,0,14,4,5,3,4,2,0,0,0,0,1,3,6,3,1,1.0,0,0,0.554,It is not safe for women to walk alone after dark here.,"Padosi log thoda help karein, bas itna chahiye."
5038,5,2,INT14,2025-03-03,2,70,3,7,4,3,4500,0,39,4,4,3,3,4,0,0,1,0,0,3,5,3,0,0.0,1,0,1.006,"Water ka timing fixed nahi hai, kabhi subah kabhi raat. Road repair money is eaten up, the same road is dug up every year.","for me, if the residents welfare association included tenants and not only owners"
5039,5,1,INT14,2025-03-03,2,42,4,1,2,3,11000,1,18,2,3,3,3,3,0,0,0,0,1,1,5,1,1,3.0,1,1,0.768,"Rent itna high hai ki PG mein adjust karna padta hai. Kachra koi uthata hi nahi, sab road pe pada rehta hai.","Safe public transport so that I can attend things in the evening. Plus classes for tailoring or computers for women, we would get to know each other."
5040,5,1,INT15,2025-03-03,2,77,1,7,2,3,10000,1,3,4,4,4,2,4,0,1,1,0,1,3,7,3,0,0.0,1,0,0.758,"For me, tap water is yellowish and smells, so we boil it or buy cans.",Coaching or skill training centre for the young people of the street.
5041,5,1,INT15,2025-03-04,1,54,3,3,3,4,18000,0,38,5,5,1,4,4,1,1,0,1,1,4,9,4,1,0.5,0,1,0.762,"Earlier we celebrated festivals together, now everyone is busy. Our building has sixty flats and I know maybe five families. It is the same story every year.",Sab milke safai karein toh apna area lagega.
5042,5,1,INT15,2025-03-04,1,54,5,4,2,4,21000,0,38,4,3,3,3,3,1,0,0,0,0,3,6,3,1,3.0,0,1,0.885,Construction noise goes on day and night.,"Some kind of welcome for new families, somebody to show them around."
5043,5,1,INT14,2025-03-05,2,35,2,1,2,6,62000,1,0,3,3,3,8,3,0,0,0,1,0,2,5,4,1,2.0,0,0,0.587,"The lane to the station is dark and lonely, I always call someone while walking.","Some programme where locals and outsiders can meet, not just live side by side."
5044,5,1,INT15,2025-03-05,1,31,4,1,2,2,30000,0,11,3,4,2,3,3,0,0,0,0,0,4,7,4,1,1.5,1,0,0.836,"To be honest, rain water has nowhere to go because all the ponds were filled up for buildings.","Actually benches and a walking track, that is where you actually meet neighbours."
5045,5,2,INT15,2025-03-05,2,33,4,4,2,7,39000,0,13,2,3,4,8,2,0,0,0,0,0,3,4,4,1,1.0,0,0,1.407,Poor lighting on the approach road makes it scary after sunset. People use their phone torch to walk home.,"According to me, a park or common place where people can sit and talk in the evening. In the old days the rowak outside the houses was where everybody met. That is what I feel."
5046,5,2,INT15,2025-03-05,1,25,5,1,1,2,18000,1,1,4,5,2,1,3,0,1,0,0,0,3,9,3,1,3.5,0,1,1.333,Basically the local officials take money and ignore complaints.,"Honestly, if I knew I could stay here for more than a year, I would invest in knowing people."
5047,5,2,INT15,2025-03-06,2,36,4,1,2,7,999999,0,11,5,4,2,4,5,1,0,0,0,0,2,8,2,1,1.5,0,0,1.316,There have been chain snatching incidents near the bus stop.,learning the local language
5048,5,2,INT15,2025-03-06,2,38,2,6,2,6,7000,0,28,2,4,4,3,3,0,0,0,1,0,3,6,4,1,2.5,1,1,0.756,drainage is so bad that the lane smells all year round,Safe ho toh evening mein bhi bahar jaa sakte hai.
5049,5,1,INT14,2025-03-07,1,32,5,1,3,2,110500,0,9,3,3,4,2,4,0,1,0,0,0,3,7,3,1,1.0,0,0,1.081,During the monsoon the whole road goes under knee-deep water. Snakes and dirty water come inside the house.,Cannot say
5050,5,2,INT14,2025-03-07,1,51,4,1,2,6,23500,0,24,3,4,2,2,4,0,0,0,0,0,4,7,3,1,2.0,0,1,1.084,"most important is two-wheelers drive on the footpath, so walking is dangerous for old people. the signal near the school has not worked for months",NA
5051,5,2,INT15,2025-03-09,2,29,5,6,2,4,39500,0,13,3,4,5,5,4,1,1,0,0,0,3,5,4,1,2.5,0,0,0.991,The low-lying part of the nagar floods every year and nobody plans for it. Snakes and dirty water come inside the house,
5052,5,2,INT14,2025-03-10,1,30,5,1,2,5,29500,0,10,4,3,3,2,4,0,0,0,0,0,4,7,3,1,1.5,0,0,1.579,"Mainly traffic is terrible, it takes me 3 hours to go to office and come back.","responsive councillor, WhatsApp group"
5053,5,1,INT14,2025-03-10,1,28,5,1,2,1,41500,1,2,3,3,4,5,4,0,0,0,0,0,3,5,4,1,0.5,0,0,0.686,The main road is always jammed because of the metro work.,Biggest thing is a park or common place where people can sit and talk in the evening.
5054,5,1,INT14,2025-03-10,1,64,5,7,1,9,64000,0,43,5,4,4,3,3,1,1,0,0,1,3,6,3,1,2.0,1,1,1.576,"There is no work nearby, the youth have to go to other states.","A cleanliness drive where everyone participates, owners and tenants together. Once we cleaned the pond together and people still talk about that day. Then people would trust each other more."
5055,5,1,INT14,2025-03-10,1,85,3,3,4,5,19000,0,48,5,4,2,5,2,1,0,0,0,0,4,5,2,0,0.0,0,1,0.71,No playground,nothing really
5056,5,2,INT14,2025-03-11,2,37,5,6,3,4,34500,0,28,5,5,1,5,5,1,0,1,0,0,4,10,3,1,2.0,0,1,1.219,There is no proper dustbin anywhere in the street.,self-help group
5057,5,1,INT14,2025-03-11,3,43,4,1,1,4,10500,0,16,2,4,3,1,3,0,1,0,0,0,3,5,3,0,0.0,0,0,0.603,Bhara ekhon ato beshi je para chhere jete hocche.,"to be honest, more trust between people, now everyone keeps to themselves"
5058,5,1,INT14,2025-03-12,1,32,5,6,4,2,53000,0,24,2,3,4,8,2,1,0,1,0,0,4,8,4,1,7.0,1,1,0.629,Mainly even one hour of heavy rain and the lane is flooded for two days.,"responsive councillor, no discrimination"
5059,5,2,INT15,2025-03-12,2,49,3,6,2,8,14000,0,33,4,5,2,3,5,0,1,0,0,1,4,7,3,0,0.0,0,1,1.367,don't know,A ward committee that meets every month and shares what the municipality is doing.
5060,5,1,INT15,2025-03-12,1,44,3,4,2,4,103000,0,8,4,3,4,4,2,0,0,0,1,0,1,5,4,0,0.0,0,0,1.13,"For me, nobody organises anything for the area, so we do not know our neighbours.","Frankly speaking, some programme where locals and outsiders can meet, not just live side by side. Respect for all communities, the young people are being poisoned by social media."
5061,5,2,INT14,2025-03-13,1,59,4,1,1,5,45500,0,36,4,4,3,8,4,0,0,0,0,0,4,8,4,1,1.0,1,1,1.396,Nobody segregates waste and the GCC does not enforce anything. We tried collecting money for a private cleaner but it stopped after two months. Nobody cares.,"For me, a proper playground, the children will play together and the parents will also meet. The tea stall is the only place where people chat now. Along with that, if the residents welfare association included tenants and not only owners. That is what I feel."
5062,5,2,INT15,2025-03-13,1,41,5,1,2,8,22500,1,3,3,3,3,1,3,0,0,0,0,0,3,6,4,0,0.0,1,1,1.381,Don't know,Actually a ward committee that meets every month and shares what the ward office is doing.
5063,5,2,INT14,2025-03-15,2,56,3,6,2,6,10000,1,15,4,2,4,2,1,0,0,0,0,0,1,4,2,0,0.0,0,0,1.193,The nala behind our houses has not been cleaned for years.,"safer streets, stable rent"
5064,5,1,INT15,2025-03-15,1,33,4,1,2,3,14500,0,13,5,3,3,1,4,1,0,0,1,0,2,6,4,1,3.0,0,1,0.64,"Honestly, most of the streetlights do not work, the lane is completely dark at night. People use their phone torch to walk home. Second thing, the drains are open and always blocked, the sewage overflows onto the road. We are fed up.","If working hours were normal I would join things, now I am always tired."
5065,5,1,INT15,2025-03-15,2,85,5,1,4,3,58000,1,6,2,3,3,2,2,0,0,0,0,0,4,8,2,0,0.0,1,1,0.556,"Frankly speaking, safety at night is the biggest issue, especially for working women coming back late.","Frankly speaking, affordable housing near work so that families can settle in one place. We have shifted so many times that my children stopped making friends. That would make a big difference"
5066,5,1,INT15,2025-03-15,1,62,5,7,2,6,21500,0,15,3,4,4,2,3,1,1,0,0,0,3,8,3,0,0.0,0,1,0.615,"Nobody organises anything for the area, so we do not know our neighbours.","To be honest, coaching or skill training centre for the young people of the colony."
5067,5,1,INT15,2025-03-15,1,40,5,1,2,4,35000,1,10,2,3,2,2,3,1,0,0,0,0,2,,2,1,3.5,0,1,1.158,"frankly speaking, corruption in local services, the councillor only helps his own people. honest people get tired and give up. also old houses are being demolished for flats and people like us are being pushed out","most important is celebrating each other's festivals, eid, diwali, christmas, pongal, all of them"
5068,5,2,INT14,2025-03-16,1,62,5,1,4,4,42000,0,53,4,5,2,2,3,1,0,0,1,0,3,9,4,1,0.5,0,1,1.18,"no street lights, water supply","If working hours were normal I would join things, now I am always tired. Benches and a walking track, that is where you actually meet neighbours."
5069,5,2,INT14,2025-03-17,2,20,4,2,2,3,36500,0,9,4,5,2,5,4,0,1,1,0,0,2,6,5,1,1.5,0,0,0.962,I do not let my daughter come home alone after seven in the evening. Also getting enough clean water for the family is the main struggle.,Coaching or skill training centre for the young people of the area. Our club used to run a library but it closed after the old members died.
5070,5,2,INT14,2025-03-17,2,39,1,6,2,7,16000,0,7,2,2,5,1,2,0,0,1,0,0,4,3,3,1,1.5,0,1,0.971,"parking, eve teasing",residents meetings
5071,5,2,INT14,2025-03-17,2,53,5,1,2,6,20000,0,37,3,5,2,3,5,1,0,1,0,0,4,6,3,0,0.0,0,1,0.934,"Factories around here have closed, so there is no local employment.",club-e aabar khela shuru hole bhalo hoy
5072,5,1,INT14,2025-03-17,2,42,5,1,2,5,94000,0,20,5,5,3,1,3,1,1,1,0,0,3,5,3,0,0.0,0,0,0.777,"Kachra koi uthata hi nahi, sab road pe pada rehta hai.","more community events, community hall"
5073,5,2,INT15,2025-03-17,1,30,4,3,2,6,23500,1,5,4,4,2,4,4,1,0,0,0,0,4,9,4,1,1.5,0,0,1.159,"according to me, the garbage van comes maybe twice a week, so everyone just dumps it outside","Football or cricket tournaments between lanes, the young people would connect. Apart from that, an app or group where we can report problems together and follow up"
5074,5,1,INT15,2025-03-17,2,67,3,7,2,4,19500,0,55,2,3,2,1,2,0,0,0,1,0,4,8,2,1,1.0,0,0,0.748,no jobs for youth,Cannot say
5075,5,2,INT15,2025-03-17,1,36,6,1,2,7,62000,1,11,5,5,2,3,4,1,0,1,1,0,3,7,4,1,4.0,1,0,1.134,"mainly there is still no piped water connection in our lane, only one common tap. we have complained to the panchayat office many times but nothing changes","See, if women were also invited to the meetings and made office bearers."
5076,5,2,INT14,2025-03-18,2,56,2,2,2,5,9500,0,25,2,5,3,3,3,1,1,0,0,0,4,2,3,0,0.0,0,1,1.097,don't know,"For me, benches and a walking track, that is where you actually meet neighbours. In the old days the rowak outside the houses was where everybody met. Then it would feel like home."
5077,5,1,INT14,2025-03-18,2,21,5,6,1,6,22500,0,11,2,3,2,3,2,1,0,0,1,0,4,4,4,1,2.0,0,0,0.786,"To be honest, boys sit near the paan shop at night and pass comments on girls. We asked for a police booth but nothing happened. There is no proper sewer line, the waste water stands in the lane.","Area ka ek WhatsApp group ho, sab updated rahenge."
5078,5,1,INT14,2025-03-18,3,27,3,3,1,4,20500,0,13,4,4,3,4,2,0,0,0,0,0,3,5,4,0,0.0,0,0,0.927,"I think there is no park or playground, children play on the road.",எல்லோரும் சேர்ந்து பொங்கல் கொண்டாடினால் நன்றாக இருக்கும்.
5079,5,2,INT14,2025-03-18,1,70,4,3,2,6,18500,0,8,4,5,4,3,5,1,0,1,0,0,3,6,3,0,0.0,0,0,1.452,"There is no proper sewer line, the waste water stands in the lane. Another thing is air pollution is very bad, in winter you cannot even see the next building",எல்லோரும் சேர்ந்து பொங்கல் கொண்டாடினால் நன்றாக இருக்கும்
5080,5,1,INT15,2025-03-18,2,49,5,1,1,6,11500,1,3,4,4,4,2,3,0,0,0,0,0,2,6,4,1,2.5,0,0,0.89,During the monsoon the whole road goes under knee-deep water.,If people greeted each other and stopped judging tenants.
5081,5,1,INT15,2025-03-18,1,29,6,1,1,5,41000,0,13,4,3,8,4,4,1,0,0,0,1,3,5,4,1,8.5,0,0,0.817,"I think graduates are doing delivery jobs because nothing else is available. Many boys from the area have gone to Bengaluru or the Gulf. On top of that, the borewell went dry last summer and the tanker people charge whatever they like.","A local office where you can go without a middleman. Second thing, if I knew I could stay here for more than a year, I would invest in knowing people."
5082,5,1,INT14,2025-03-19,2,44,5,2,2,8,71500,0,30,4,4,3,3,3,0,0,0,0,0,4,8,3,0,0.0,0,0,0.647,"Honestly, police patrolling is almost nil after ten at night.",cctv and a local help desk would make people feel secure to step out
5083,5,2,INT14,2025-03-19,1,32,3,2,2,8,19500,1,8,4,4,4,3,5,1,0,0,0,0,2,7,3,1,3.5,0,0,1.375,Drinking water,Pashe ke thake seta jantei parina.
5084,5,2,INT14,2025-03-19,2,32,3,6,1,4,13000,1,6,1,1,3,2,2,0,0,0,0,0,3,4,3,0,0.0,0,0,0.71,streetlights,"Mainly regular get-togethers, even a monthly potluck would help."
5085,5,1,INT14,2025-03-20,2,70,5,7,1,2,40000,1,6,4,4,3,2,5,0,0,0,0,0,3,6,3,0,0.0,0,1,0.538,"Biggest thing is we need green space, every inch has been built over. My grandchildren play in the corridor of the building. Also constant honking, the noise is too much for elderly people. Students cannot study during exam time. The rest is okay.",
5086,5,1,INT14,2025-03-20,2,84,6,2,4,2,999999,0,78,5,5,3,4,4,1,1,1,1,0,4,8,2,1,0.5,0,1,0.748,"Mainly constant honking, the noise is too much for elderly people. Apart from that, the main road is always jammed because of the metro work.",Biggest thing is a small library or reading room where young and old can meet.
5087,5,1,INT15,2025-03-20,1,29,4,1,2,2,22000,0,21,4,4,2,3,2,0,0,0,0,1,3,6,4,1,3.0,0,1,0.859,"Most of the streetlights do not work, the lane is completely dark at night.","Mainly CCTV and a local help desk would make people feel secure to step out. Right now I rush home before dark, so I miss everything. Apart from that, a proper playground, the children will play together and the parents will also meet."
5088,5,1,INT15,2025-03-20,1,29,4,4,2,2,28500,1,2,3,1,5,1,2,0,0,0,0,0,1,4,4,1,2.0,1,0,0.717,Dirty drain water mixes with the drinking water pipe.,"Mainly some kind of welcome for new families, somebody to show them around. My neighbour aunty sends food sometimes and that is the only connection I have."
5089,5,1,INT14,2025-03-21,1,33,6,1,2,2,51500,1,16,3,4,3,2,5,1,1,0,0,0,4,8,2,1,1.0,0,0,1.192,"Biggest thing is the ward office water comes at odd times like five in the morning, so someone has to stay awake to fill the drums. Constant honking, the noise is too much for elderly people.","Swalpa adjust maadi, bas thoda sa respect chahiye."
5090,5,2,INT15,2025-03-21,2,57,2,5,2,7,9500,1,11,3,3,4,3,2,0,0,0,0,0,3,4,2,1,2.0,0,1,1.014,water problem,responsive councillor
5091,5,1,INT15,2025-03-21,2,24,6,2,1,5,53000,0,17,2,2,4,2,2,0,0,0,0,0,4,7,5,1,1.0,0,0,0.448,"The garbage van comes maybe twice a week, so everyone just dumps it outside.","Most important is CCTV and a local help desk would make people feel secure to step out. Another thing is less division by religion and caste, we were never like this before."
5092,5,2,INT15,2025-03-21,1,27,3,3,1,5,16000,0,13,2,2,4,2,3,1,0,0,0,0,2,7,4,1,2.5,0,0,2.041,"Borshay rastay jol jome jay, hatu obdhi jol.",Knowing neighbours
5093,5,2,INT15,2025-03-21,2,30,6,6,2,5,50000,1,7,3,4,2,3,1,0,0,1,1,0,3,8,5,1,2.0,0,0,1.263,"Water supply is very irregular, sometimes we get it for only one hour in the morning. Women and children stand in the queue with buckets. Otherwise it is a nice place to live.","Basically a councillor who comes and listens, not only during elections."
5094,5,2,INT14,2025-03-22,2,59,4,1,2,4,999999,0,9,5,4,1,8,4,1,0,1,1,0,4,9,3,1,3.0,0,0,1.171,"Most important is water pressure is so low that the upper floors get nothing at all. And two-wheelers drive on the footpath, so walking is dangerous for old people.","Most important is a proper WhatsApp group for the street where information is shared, not only forwards."
5095,5,2,INT14,2025-03-22,3,33,5,1,1,3,20000,0,12,3,1,5,2,1,0,1,0,0,0,3,6,3,1,1.5,1,0,1.166,garbage everywhere,"Frankly speaking, political parties should stop dividing the nagar for votes."
5096,5,2,INT14,2025-03-22,2,27,5,1,2,5,47500,0,10,4,4,2,1,4,0,1,0,0,0,4,7,5,1,1.5,1,1,0.812,"For me, two-wheelers drive on the footpath, so walking is dangerous for old people.","Frankly speaking, sports day or a small fair for the children would bring people out of their homes."
5097,5,2,INT14,2025-03-22,2,71,3,6,2,5,7500,0,51,5,4,2,3,4,0,1,0,1,0,4,8,2,1,0.5,0,1,1.05,"Honestly, two-wheelers drive on the footpath, so walking is dangerous for old people. I spend more time on the road than with my family. Apart from that, the nala behind our houses has not been cleaned for years. Something should be done.","Honestly, if the streets were safe to walk at night I would go out and meet people more. Right now I rush home before dark, so I miss everything. It is not difficult, someone just has to start."
5098,5,2,INT15,2025-03-23,2,67,1,1,2,5,9000,1,16,3,3,5,9,2,0,0,0,0,1,3,4,1,0,0.0,0,1,0.827,drinking water,
5099,5,1,INT14,2025-03-24,1,,5,1,2,3,22500,0,42,3,4,3,2,5,0,0,0,0,0,4,4,1,0,0.0,0,1,0.78,Public toilets are dirty and there are not enough of them. My children fell sick with dengue last year.,"Basically if people were more welcoming to newcomers instead of asking which caste or state we are from. My neighbour aunty sends food sometimes and that is the only connection I have. Regular get-togethers, even a monthly potluck would help"
5100,5,1,INT15,2025-03-24,2,40,5,6,2,8,10500,0,2,3,5,4,4,4,0,0,0,0,0,3,6,4,0,0.0,1,0,0.792,"See, the only open ground was taken for a parking lot. When I was young we played cricket in the field that is now a mall. We are fed up.","To be honest, more cultural programmes where families can come together. Second thing, neighbours helping each other in emergencies, like it used to be."
5101,5,1,INT15,2025-03-24,1,24,6,5,1,1,23500,1,7,3,2,4,3,4,1,1,1,0,0,3,7,4,1,4.5,1,0,1.358,,"more cultural programmes where families can come together. apart from that, more trust between people, now everyone keeps to themselves"
5102,5,1,INT14,2025-03-25,2,39,4,6,1,2,9000,1,6,3,2,4,2,2,1,1,1,0,0,4,9,4,1,2.5,1,1,0.588,"Frankly speaking, educated girls sit at home because there are no suitable jobs.",safe ho toh evening mein bhi bahar jaa sakte hai
5103,5,2,INT14,2025-03-25,2,31,3,6,1,1,19000,1,10,3,4,3,3,4,1,0,0,0,0,3,4,2,0,0.0,0,0,0.643,"Traffic is terrible, it takes me 3 hours to go to office and come back.",Not interested
5104,5,2,INT14,2025-03-25,2,,2,3,3,6,17500,0,13,3,4,3,3,3,0,1,0,0,0,4,7,3,1,1.5,1,0,1.279,"Jol thik moto ase na, pressure khub kom. Potholes and traffic together make the daily commute a nightmare.","If the streets were safe to walk at night I would go out and meet people more. And benches and a walking track, that is where you actually meet neighbours."
5105,5,1,INT15,2025-03-25,2,28,3,6,1,8,45500,0,16,3,4,4,4,4,1,0,0,0,0,3,5,3,1,2.0,0,0,0.645,"We need green space, every inch has been built over","A youth club with sports and computer classes to keep the boys busy. Apart from that, mahila mandal meetings in the afternoon when we are free from housework."
5106,5,2,INT15,2025-03-26,2,,2,6,2,6,8000,0,33,4,4,8,2,3,0,0,0,0,1,3,4,3,0,0.0,0,0,1.054,Mainly I do not let my daughter come home alone after seven in the evening. We asked for a police booth but nothing happened.,"For me, classes for tailoring or computers for women, we would get to know each other."
5107,5,2,INT15,2025-03-27,1,46,4,1,2,4,18500,1,3,2,3,5,1,4,1,0,0,0,0,2,6,3,1,1.5,0,0,1.451,Biggest thing is police patrolling is almost nil after ten at night. I have started taking an auto even for a short distance.,Actually a small library or reading room where young and old can meet. The tea stall is the only place where people chat now.
